payment_id,loan_id,payment_date,payment_amount,payment_status
PAY00001,695,2023-04-16,650.06,completed
PAY00002,902,2023-04-24,238.68,failed
PAY00003,839,2022-01-23,1673.06,failed
PAY00004,74,2021-07-01,401.03,failed
PAY00005,201,2021-07-10,1269.84,failed
PAY00006,57,2025-03-30,250.74,completed
PAY00007,463,2023-10-08,92.73,failed
PAY00008,745,2024-04-07,1529.47,failed
PAY00009,286,2022-05-02,763.42,pending
PAY00010,567,2022-05-27,600.64,failed
PAY00011,127,2021-08-22,1216.33,pending
PAY00012,205,2021-09-03,1385.33,pending
PAY00013,700,2022-02-07,1942.79,completed
PAY00014,367,2022-04-07,1792.77,failed
PAY00015,311,2023-01-14,1217.05,pending
PAY00016,124,2024-11-16,426.27,pending
PAY00017,130,2023-02-24,1935.9,completed
PAY00018,193,2025-01-13,527.53,completed
PAY00019,491,2022-08-20,208.32,failed
PAY00020,213,2021-01-25,779.52,failed
PAY00021,562,2024-03-01,1561.29,failed
PAY00022,181,2023-09-05,869.1,completed
PAY00023,314,2020-09-07,91.99,pending
PAY00024,950,2023-11-11,500.76,failed
PAY00025,48,2022-07-24,196.61,completed
PAY00026,718,2024-05-30,214.5,failed
PAY00027,292,2024-07-16,1328.0,completed
PAY00028,249,2021-02-21,1679.42,completed
PAY00029,67,2021-08-09,1131.9,failed
PAY00030,628,2024-09-09,131.87,pending
PAY00031,347,2021-05-31,1829.67,completed
PAY00032,599,2023-01-18,417.68,pending
PAY00033,321,2021-10-25,1188.13,completed
PAY00034,404,2025-06-21,1217.0,pending
PAY00035,503,2023-06-11,1972.0,pending
PAY00036,810,2022-08-26,829.09,completed
PAY00037,769,2022-01-31,530.84,completed
PAY00038,310,2022-12-29,936.25,pending
PAY00039,369,2025-01-31,1014.11,failed
PAY00040,852,2025-03-14,109.54,failed
PAY00041,735,2024-03-04,1170.5,failed
PAY00042,894,2022-01-09,308.25,failed
PAY00043,773,2023-02-16,766.65,pending
PAY00044,957,2023-04-13,526.49,failed
PAY00045,990,2023-06-12,724.08,completed
PAY00046,751,2023-07-10,460.38,failed
PAY00047,426,2021-11-18,894.48,failed
PAY00048,105,2025-03-01,1185.07,pending
PAY00049,822,2021-02-11,1182.54,pending
PAY00050,779,2023-06-22,1100.62,failed
PAY00051,719,2022-04-10,1451.83,failed
PAY00052,368,2023-12-18,727.41,pending
PAY00053,68,2025-01-11,1643.37,completed
PAY00054,274,2021-07-07,1782.5,failed
PAY00055,839,2022-08-01,894.51,completed
PAY00056,298,2023-02-02,483.95,pending
PAY00057,428,2022-10-28,444.64,pending
PAY00058,320,2023-07-14,977.22,pending
PAY00059,932,2024-05-12,1283.78,failed
PAY00060,698,2021-07-04,1799.2,completed
PAY00061,749,2024-12-08,977.55,completed
PAY00062,742,2023-02-15,683.31,pending
PAY00063,354,2024-01-02,1830.55,completed
PAY00064,395,2024-07-25,1569.89,pending
PAY00065,398,2020-08-20,1656.29,failed
PAY00066,490,2024-07-26,1119.08,failed
PAY00067,15,2023-02-22,468.11,failed
PAY00068,61,2022-04-04,1885.43,pending
PAY00069,157,2022-03-02,476.77,completed
PAY00070,191,2022-03-21,835.93,completed
PAY00071,657,2021-05-09,628.24,pending
PAY00072,853,2024-05-01,1504.1,completed
PAY00073,682,2023-03-28,1485.97,pending
PAY00074,624,2022-02-16,1700.51,pending
PAY00075,106,2023-01-07,1546.44,pending
PAY00076,426,2022-02-06,540.43,pending
PAY00077,240,2024-11-28,684.54,failed
PAY00078,500,2021-09-21,1873.26,pending
PAY00079,220,2022-11-15,658.45,failed
PAY00080,18,2024-01-14,952.24,completed
PAY00081,905,2022-05-12,1486.54,completed
PAY00082,680,2023-09-24,794.39,failed
PAY00083,402,2023-04-03,814.84,completed
PAY00084,856,2023-02-01,198.2,pending
PAY00085,652,2024-10-21,1109.43,completed
PAY00086,272,2024-06-21,1155.26,failed
PAY00087,338,2024-10-03,1538.38,completed
PAY00088,10,2022-12-18,807.79,pending
PAY00089,120,2024-01-21,1612.62,completed
PAY00090,37,2021-06-04,1388.28,pending
PAY00091,797,2021-05-17,1313.48,completed
PAY00092,632,2024-02-19,538.06,pending
PAY00093,633,2021-03-04,466.52,failed
PAY00094,664,2022-08-28,1210.92,pending
PAY00095,880,2025-01-21,1997.65,pending
PAY00096,547,2021-05-25,79.42,failed
PAY00097,916,2022-10-18,458.87,pending
PAY00098,64,2021-01-16,119.96,failed
PAY00099,958,2022-09-29,224.74,pending
PAY00100,40,2023-03-21,1899.27,completed
PAY00101,824,2022-03-10,748.27,failed
PAY00102,755,2022-08-05,592.45,completed
PAY00103,289,2020-09-21,1577.41,completed
PAY00104,647,2023-07-08,741.79,failed
PAY00105,466,2021-06-21,714.86,pending
PAY00106,180,2022-04-19,98.13,completed
PAY00107,69,2020-11-06,1102.59,pending
PAY00108,957,2023-11-26,364.74,failed
PAY00109,218,2022-10-08,731.16,completed
PAY00110,319,2022-05-22,1154.36,pending
PAY00111,426,2024-05-21,654.13,completed
PAY00112,287,2021-12-13,410.99,pending
PAY00113,499,2024-10-12,1638.75,pending
PAY00114,93,2024-09-14,1134.43,completed
PAY00115,886,2022-07-17,1433.0,pending
PAY00116,891,2025-01-10,635.57,failed
PAY00117,967,2021-07-04,875.05,completed
PAY00118,60,2022-04-27,926.65,completed
PAY00119,593,2020-12-20,1134.49,pending
PAY00120,909,2023-11-13,1682.92,pending
PAY00121,323,2022-02-18,960.36,pending
PAY00122,951,2025-01-08,1036.81,pending
PAY00123,930,2022-02-04,1295.97,completed
PAY00124,703,2022-09-08,750.71,pending
PAY00125,132,2024-12-31,475.72,completed
PAY00126,599,2025-05-22,1013.99,completed
PAY00127,922,2020-11-17,398.54,completed
PAY00128,551,2024-12-05,1811.34,completed
PAY00129,807,2023-10-06,1916.54,pending
PAY00130,218,2021-07-15,601.59,failed
PAY00131,870,2021-09-07,220.04,completed
PAY00132,668,2021-04-11,1007.81,completed
PAY00133,483,2021-12-22,437.29,completed
PAY00134,784,2020-12-09,1429.33,failed
PAY00135,481,2024-03-16,769.28,completed
PAY00136,381,2022-09-12,797.54,completed
PAY00137,276,2022-02-02,485.26,completed
PAY00138,644,2022-09-18,642.94,failed
PAY00139,963,2023-10-31,720.62,pending
PAY00140,551,2022-02-15,1842.06,completed
PAY00141,771,2022-01-06,189.51,failed
PAY00142,454,2022-10-21,402.41,failed
PAY00143,823,2022-10-19,60.48,completed
PAY00144,822,2024-02-22,1468.43,pending
PAY00145,352,2021-10-16,1246.48,pending
PAY00146,307,2021-12-29,1493.31,completed
PAY00147,71,2020-10-25,575.4,pending
PAY00148,600,2023-04-27,1871.79,pending
PAY00149,676,2024-10-10,1781.99,completed
PAY00150,288,2022-08-14,1425.38,failed
PAY00151,252,2021-04-13,369.28,failed
PAY00152,344,2020-09-26,1547.65,pending
PAY00153,201,2024-05-28,948.93,failed
PAY00154,197,2022-07-21,1435.02,completed
PAY00155,800,2022-01-25,1205.06,failed
PAY00156,783,2024-01-15,864.18,pending
PAY00157,541,2023-10-27,1963.03,completed
PAY00158,211,2024-04-28,598.96,pending
PAY00159,734,2023-05-15,948.12,failed
PAY00160,258,2023-10-25,295.93,failed
PAY00161,452,2024-12-15,1535.82,failed
PAY00162,778,2023-11-12,1284.31,failed
PAY00163,230,2023-01-12,567.61,completed
PAY00164,738,2023-04-18,463.64,failed
PAY00165,916,2021-11-01,276.51,completed
PAY00166,761,2020-11-15,477.63,pending
PAY00167,294,2024-03-01,207.12,pending
PAY00168,156,2024-03-27,1597.93,failed
PAY00169,962,2024-02-04,1274.62,completed
PAY00170,118,2024-01-28,919.78,completed
PAY00171,947,2023-03-27,1492.18,failed
PAY00172,154,2020-10-22,938.08,completed
PAY00173,138,2020-10-11,1079.21,failed
PAY00174,536,2023-11-12,1588.87,pending
PAY00175,663,2022-08-28,1641.07,pending
PAY00176,947,2021-12-09,1280.88,failed
PAY00177,798,2023-06-04,1699.65,pending
PAY00178,606,2022-01-07,993.62,completed
PAY00179,687,2024-08-06,591.7,completed
PAY00180,606,2022-11-26,778.83,pending
PAY00181,890,2021-06-29,177.33,completed
PAY00182,185,2024-09-29,465.24,failed
PAY00183,774,2023-10-07,171.77,completed
PAY00184,788,2021-03-06,1916.18,pending
PAY00185,492,2020-09-21,501.73,pending
PAY00186,761,2020-10-20,1761.98,failed
PAY00187,471,2024-05-22,625.98,failed
PAY00188,308,2022-09-29,1545.69,pending
PAY00189,972,2023-12-11,122.6,pending
PAY00190,954,2025-05-16,183.47,pending
PAY00191,415,2021-10-12,1502.62,completed
PAY00192,781,2025-03-08,1863.51,completed
PAY00193,514,2022-06-19,587.25,failed
PAY00194,110,2021-10-14,1975.51,failed
PAY00195,673,2024-11-04,1636.14,completed
PAY00196,913,2023-02-12,766.02,failed
PAY00197,587,2020-09-02,1838.22,completed
PAY00198,606,2024-10-14,1601.04,completed
PAY00199,158,2024-05-17,1598.89,completed
PAY00200,129,2020-09-23,354.79,failed
PAY00201,836,2025-07-13,1228.43,pending
PAY00202,206,2022-08-09,999.74,completed
PAY00203,999,2021-05-23,1357.31,pending
PAY00204,988,2020-11-20,80.34,pending
PAY00205,939,2021-11-13,1404.95,completed
PAY00206,383,2021-08-08,278.38,pending
PAY00207,191,2021-12-07,312.41,pending
PAY00208,49,2022-11-11,386.47,failed
PAY00209,707,2024-10-05,512.19,failed
PAY00210,543,2025-05-10,1173.81,completed
PAY00211,492,2024-04-12,1474.16,completed
PAY00212,92,2020-12-21,129.95,pending
PAY00213,706,2022-06-27,1522.03,completed
PAY00214,843,2022-03-01,929.3,completed
PAY00215,630,2024-03-25,115.58,completed
PAY00216,745,2023-03-21,271.06,pending
PAY00217,137,2024-08-25,688.45,failed
PAY00218,473,2021-12-06,917.48,completed
PAY00219,449,2025-04-06,1813.14,failed
PAY00220,769,2020-12-15,540.09,failed
PAY00221,203,2021-01-28,490.27,completed
PAY00222,142,2024-07-17,568.71,pending
PAY00223,88,2025-06-27,1935.3,pending
PAY00224,640,2022-07-29,770.94,pending
PAY00225,861,2021-03-28,285.33,failed
PAY00226,979,2024-05-15,1952.95,completed
PAY00227,643,2022-12-12,543.28,pending
PAY00228,433,2025-03-26,1718.87,failed
PAY00229,237,2024-03-25,900.4,completed
PAY00230,330,2021-12-01,1812.05,pending
PAY00231,899,2024-12-28,185.39,failed
PAY00232,269,2024-11-04,1867.42,pending
PAY00233,578,2024-10-16,1092.48,completed
PAY00234,966,2023-09-10,132.92,failed
PAY00235,21,2020-11-12,195.51,failed
PAY00236,266,2024-12-08,381.54,failed
PAY00237,193,2023-06-25,722.19,failed
PAY00238,102,2024-01-05,524.68,pending
PAY00239,12,2021-09-30,1273.14,completed
PAY00240,73,2021-11-04,835.37,pending
PAY00241,452,2023-12-12,451.28,completed
PAY00242,545,2023-10-06,1976.77,completed
PAY00243,878,2024-01-15,566.26,pending
PAY00244,449,2021-05-16,1326.69,pending
PAY00245,176,2024-09-14,686.19,pending
PAY00246,990,2022-06-12,1047.65,pending
PAY00247,48,2021-02-16,1388.42,failed
PAY00248,332,2021-12-04,1333.9,completed
PAY00249,257,2023-06-16,1343.97,failed
PAY00250,911,2024-08-02,553.35,failed
PAY00251,615,2021-03-22,428.91,pending
PAY00252,948,2021-02-17,846.36,completed
PAY00253,291,2022-12-20,415.73,pending
PAY00254,167,2021-07-12,1975.4,completed
PAY00255,761,2024-04-16,960.08,failed
PAY00256,606,2022-01-05,1224.89,failed
PAY00257,145,2023-08-10,770.08,completed
PAY00258,840,2024-11-12,1112.95,pending
PAY00259,751,2021-02-23,366.53,completed
PAY00260,478,2022-07-19,390.21,completed
PAY00261,232,2024-05-12,314.78,completed
PAY00262,475,2021-04-06,1198.23,failed
PAY00263,209,2025-02-11,790.51,pending
PAY00264,784,2020-12-19,187.34,failed
PAY00265,763,2020-09-26,1671.56,pending
PAY00266,385,2025-04-05,1989.66,completed
PAY00267,499,2022-06-14,1522.7,pending
PAY00268,820,2023-02-19,1235.93,pending
PAY00269,682,2022-07-07,537.62,completed
PAY00270,962,2020-11-03,54.39,pending
PAY00271,641,2024-05-15,505.81,failed
PAY00272,653,2020-10-17,1982.32,failed
PAY00273,856,2024-03-30,1587.64,failed
PAY00274,752,2021-04-16,1027.11,completed
PAY00275,784,2024-11-10,672.35,failed
PAY00276,800,2021-07-15,1791.73,failed
PAY00277,423,2024-09-06,691.39,failed
PAY00278,280,2025-03-01,1614.86,failed
PAY00279,16,2024-06-21,144.59,failed
PAY00280,751,2021-04-25,1789.72,pending
PAY00281,888,2023-12-25,90.81,completed
PAY00282,702,2020-11-19,549.92,failed
PAY00283,518,2021-09-01,531.03,pending
PAY00284,976,2021-10-13,214.2,pending
PAY00285,207,2025-08-08,1982.47,completed
PAY00286,610,2024-06-04,1633.75,pending
PAY00287,296,2022-11-17,1931.61,completed
PAY00288,18,2025-02-14,1770.4,failed
PAY00289,991,2025-03-29,1245.67,completed
PAY00290,155,2025-08-12,645.06,failed
PAY00291,935,2021-09-25,1832.7,completed
PAY00292,449,2022-10-16,564.21,completed
PAY00293,356,2021-06-16,346.81,completed
PAY00294,450,2020-12-12,104.74,completed
PAY00295,697,2021-03-29,1206.17,failed
PAY00296,118,2022-09-24,1444.47,failed
PAY00297,16,2024-04-15,564.47,pending
PAY00298,473,2023-02-23,1901.7,failed
PAY00299,134,2021-12-16,1818.25,pending
PAY00300,128,2020-11-10,806.52,completed
PAY00301,545,2024-07-21,139.75,failed
PAY00302,470,2024-11-29,918.93,failed
PAY00303,542,2024-09-02,1644.25,completed
PAY00304,574,2020-09-25,570.4,pending
PAY00305,383,2024-11-07,394.51,completed
PAY00306,95,2020-10-22,153.2,failed
PAY00307,86,2024-05-21,1091.5,completed
PAY00308,462,2021-04-11,1739.36,pending
PAY00309,822,2021-04-07,1098.25,failed
PAY00310,147,2022-04-08,744.03,pending
PAY00311,250,2024-02-22,1496.27,completed
PAY00312,314,2021-08-14,1667.95,failed
PAY00313,582,2023-03-16,533.07,pending
PAY00314,41,2024-06-02,825.82,failed
PAY00315,434,2022-03-04,1711.54,completed
PAY00316,229,2021-11-18,818.74,pending
PAY00317,605,2024-11-20,1090.91,pending
PAY00318,487,2023-07-03,1872.86,failed
PAY00319,915,2025-02-19,612.78,failed
PAY00320,200,2024-02-05,1120.55,completed
PAY00321,819,2024-01-04,1353.04,failed
PAY00322,366,2024-09-10,1521.15,completed
PAY00323,17,2024-06-10,331.72,completed
PAY00324,428,2020-11-20,581.98,completed
PAY00325,59,2021-07-10,1116.23,completed
PAY00326,742,2021-01-20,935.16,pending
PAY00327,703,2024-04-28,825.8,failed
PAY00328,338,2022-12-10,895.31,completed
PAY00329,288,2023-05-01,161.4,completed
PAY00330,680,2022-01-15,1618.91,failed
PAY00331,31,2023-12-25,1948.41,pending
PAY00332,803,2024-04-10,811.83,failed
PAY00333,636,2023-01-13,394.86,failed
PAY00334,886,2025-02-24,249.21,completed
PAY00335,426,2024-02-17,286.35,pending
PAY00336,732,2025-03-03,664.11,completed
PAY00337,104,2025-04-01,1656.54,failed
PAY00338,841,2022-12-07,1409.03,completed
PAY00339,535,2023-11-26,1077.01,pending
PAY00340,959,2023-10-18,1678.72,pending
PAY00341,183,2024-08-01,480.32,failed
PAY00342,341,2023-06-04,470.59,failed
PAY00343,182,2024-02-16,387.8,completed
PAY00344,926,2022-05-31,1678.06,failed
PAY00345,243,2025-01-29,1560.91,completed
PAY00346,979,2020-08-20,393.74,completed
PAY00347,400,2021-03-30,887.33,pending
PAY00348,741,2023-05-03,717.44,pending
PAY00349,713,2021-05-06,1466.62,completed
PAY00350,139,2024-05-20,137.87,failed
PAY00351,597,2023-12-14,355.5,completed
PAY00352,951,2024-02-14,130.92,failed
PAY00353,664,2024-10-02,610.47,pending
PAY00354,393,2021-12-19,802.04,pending
PAY00355,248,2024-02-24,1441.94,failed
PAY00356,4,2021-01-24,1582.5,failed
PAY00357,579,2021-07-02,1513.1,failed
PAY00358,454,2023-08-07,389.9,failed
PAY00359,315,2023-12-01,455.19,pending
PAY00360,989,2023-08-10,1937.19,failed
PAY00361,34,2022-10-01,1757.09,failed
PAY00362,259,2024-09-27,1104.69,failed
PAY00363,391,2022-01-10,1881.08,completed
PAY00364,794,2021-11-10,543.91,failed
PAY00365,397,2020-12-09,779.84,pending
PAY00366,407,2024-12-25,1282.89,failed
PAY00367,347,2023-04-13,717.88,completed
PAY00368,786,2022-06-15,895.71,completed
PAY00369,230,2022-04-10,713.8,failed
PAY00370,255,2022-02-01,1049.25,pending
PAY00371,92,2021-11-08,1138.34,completed
PAY00372,223,2024-04-01,765.26,completed
PAY00373,758,2025-04-30,241.26,pending
PAY00374,741,2025-07-01,971.91,failed
PAY00375,796,2023-08-18,1374.4,failed
PAY00376,752,2021-05-29,1605.73,pending
PAY00377,994,2025-05-29,1056.85,pending
PAY00378,974,2020-09-04,1992.65,completed
PAY00379,10,2025-01-24,1119.59,failed
PAY00380,514,2021-11-22,245.11,pending
PAY00381,773,2025-07-11,1921.43,failed
PAY00382,344,2021-01-25,536.98,failed
PAY00383,840,2024-01-30,1378.64,failed
PAY00384,648,2021-01-17,1147.12,pending
PAY00385,300,2023-05-03,545.44,completed
PAY00386,648,2024-04-22,838.76,completed
PAY00387,375,2021-05-08,710.88,pending
PAY00388,878,2024-04-16,1717.49,failed
PAY00389,655,2023-12-13,473.45,failed
PAY00390,610,2023-12-10,103.89,failed
PAY00391,256,2022-10-01,1580.98,failed
PAY00392,307,2022-03-11,1322.59,completed
PAY00393,293,2022-06-04,396.21,completed
PAY00394,20,2021-04-25,334.02,completed
PAY00395,379,2025-01-13,739.08,failed
PAY00396,318,2024-05-25,1569.68,pending
PAY00397,229,2022-06-19,1222.22,completed
PAY00398,520,2023-01-31,784.72,failed
PAY00399,979,2025-03-04,1055.13,completed
PAY00400,357,2024-03-25,1123.41,failed
PAY00401,972,2024-03-23,1358.81,failed
PAY00402,234,2021-07-25,1594.52,failed
PAY00403,818,2024-08-16,196.26,failed
PAY00404,9,2021-07-14,1284.36,failed
PAY00405,526,2023-11-25,1931.38,pending
PAY00406,162,2021-02-09,1825.46,completed
PAY00407,884,2025-01-26,132.29,pending
PAY00408,94,2022-01-31,1986.14,completed
PAY00409,147,2023-11-23,536.16,failed
PAY00410,747,2021-01-10,1285.45,completed
PAY00411,870,2023-08-28,601.9,failed
PAY00412,259,2022-06-19,172.51,failed
PAY00413,169,2022-11-27,80.84,failed
PAY00414,718,2021-08-08,1095.51,failed
PAY00415,709,2021-08-04,830.22,failed
PAY00416,81,2020-12-20,1756.9,pending
PAY00417,977,2023-12-26,575.71,failed
PAY00418,986,2024-06-25,1713.11,pending
PAY00419,443,2025-06-04,1450.15,failed
PAY00420,172,2022-08-27,1039.24,pending
PAY00421,713,2020-12-29,1708.41,completed
PAY00422,698,2021-09-24,550.66,failed
PAY00423,471,2024-08-04,863.96,completed
PAY00424,332,2024-07-11,587.98,pending
PAY00425,575,2025-04-23,506.46,pending
PAY00426,350,2020-09-13,964.6,pending
PAY00427,60,2023-03-14,934.71,failed
PAY00428,69,2021-11-02,53.87,failed
PAY00429,548,2024-04-08,994.56,failed
PAY00430,791,2025-03-12,1758.69,failed
PAY00431,432,2023-07-27,204.19,failed
PAY00432,768,2022-03-29,1783.79,completed
PAY00433,118,2025-03-06,865.34,failed
PAY00434,197,2025-07-21,1330.87,failed
PAY00435,614,2020-08-23,701.76,failed
PAY00436,48,2021-07-01,839.64,completed
PAY00437,782,2023-01-22,323.03,completed
PAY00438,119,2021-04-01,729.55,completed
PAY00439,201,2020-08-19,170.12,failed
PAY00440,785,2021-12-26,582.89,completed
PAY00441,835,2022-08-08,642.45,pending
PAY00442,836,2021-09-05,1039.46,pending
PAY00443,349,2022-10-30,491.39,completed
PAY00444,445,2020-10-22,734.83,pending
PAY00445,485,2024-06-16,1032.98,pending
PAY00446,478,2021-05-05,234.79,completed
PAY00447,639,2022-07-02,659.59,completed
PAY00448,144,2025-04-23,1702.23,pending
PAY00449,842,2023-02-24,1248.6,pending
PAY00450,24,2025-05-15,1140.91,failed
PAY00451,152,2021-02-10,863.87,pending
PAY00452,16,2022-02-01,1513.92,completed
PAY00453,253,2021-03-03,1954.0,pending
PAY00454,745,2023-06-25,116.65,completed
PAY00455,894,2021-10-17,1123.5,pending
PAY00456,863,2020-10-31,312.22,failed
PAY00457,670,2021-07-11,1593.15,completed
PAY00458,87,2021-01-09,1755.54,completed
PAY00459,811,2024-12-10,531.33,pending
PAY00460,137,2021-05-03,1409.9,completed
PAY00461,828,2022-06-24,1761.98,completed
PAY00462,661,2020-10-12,238.18,completed
PAY00463,540,2021-03-02,526.81,completed
PAY00464,668,2023-04-09,861.81,completed
PAY00465,99,2023-12-07,1079.42,pending
PAY00466,676,2021-07-07,1995.63,failed
PAY00467,549,2021-11-09,421.72,pending
PAY00468,109,2021-07-21,1897.52,failed
PAY00469,168,2021-10-15,474.83,completed
PAY00470,775,2024-04-22,359.15,completed
PAY00471,920,2021-05-27,841.68,completed
PAY00472,249,2022-12-13,1997.79,completed
PAY00473,367,2025-06-14,541.83,pending
PAY00474,543,2023-06-03,697.27,failed
PAY00475,219,2021-02-13,955.57,completed
PAY00476,805,2025-04-10,1926.98,pending
PAY00477,715,2023-06-18,1179.64,failed
PAY00478,118,2022-08-13,918.6,pending
PAY00479,224,2025-07-30,513.97,pending
PAY00480,730,2021-10-14,918.05,failed
PAY00481,929,2023-05-10,791.16,failed
PAY00482,801,2022-09-14,100.12,pending
PAY00483,829,2025-05-22,340.56,completed
PAY00484,730,2024-11-26,1751.5,completed
PAY00485,270,2022-02-15,167.25,failed
PAY00486,648,2022-09-30,1835.82,pending
PAY00487,338,2020-12-20,692.3,pending
PAY00488,879,2023-06-25,209.82,completed
PAY00489,267,2023-04-02,1264.21,failed
PAY00490,206,2021-06-22,1097.7,completed
PAY00491,768,2021-01-30,1406.95,failed
PAY00492,261,2022-12-08,891.13,completed
PAY00493,847,2024-10-08,1878.83,completed
PAY00494,972,2022-03-26,1688.09,completed
PAY00495,693,2025-05-23,1875.78,completed
PAY00496,738,2021-12-22,1535.6,completed
PAY00497,260,2021-09-14,867.59,pending
PAY00498,252,2021-05-17,818.11,failed
PAY00499,301,2025-03-19,936.0,completed
PAY00500,212,2023-06-15,488.79,failed
PAY00501,745,2021-01-19,664.77,completed
PAY00502,561,2020-12-25,1931.46,pending
PAY00503,493,2023-09-03,1016.69,completed
PAY00504,538,2021-09-06,1033.2,pending
PAY00505,792,2022-08-25,351.61,pending
PAY00506,433,2021-04-14,629.85,failed
PAY00507,734,2022-05-04,1968.18,failed
PAY00508,307,2023-01-29,736.67,failed
PAY00509,847,2025-07-15,435.06,failed
PAY00510,368,2021-12-26,1344.98,failed
PAY00511,683,2024-05-19,167.1,failed
PAY00512,278,2021-10-03,1515.16,completed
PAY00513,330,2021-07-30,979.34,failed
PAY00514,555,2024-08-18,911.4,pending
PAY00515,427,2024-07-28,301.27,completed
PAY00516,210,2022-12-09,693.95,failed
PAY00517,953,2024-04-11,1602.03,failed
PAY00518,916,2023-01-19,1650.79,failed
PAY00519,870,2024-12-07,138.34,pending
PAY00520,630,2021-06-25,1459.53,completed
PAY00521,226,2024-12-02,130.21,failed
PAY00522,714,2022-08-12,434.16,completed
PAY00523,551,2023-09-20,806.76,completed
PAY00524,793,2023-10-06,593.29,failed
PAY00525,945,2021-08-12,504.46,failed
PAY00526,524,2023-01-20,891.95,completed
PAY00527,577,2024-03-19,1079.72,failed
PAY00528,402,2022-01-17,1501.88,failed
PAY00529,798,2021-03-15,246.88,completed
PAY00530,930,2023-03-25,1556.63,pending
PAY00531,678,2021-11-04,362.54,completed
PAY00532,511,2023-09-29,1406.08,failed
PAY00533,707,2023-03-02,1162.28,failed
PAY00534,156,2023-07-30,1262.43,completed
PAY00535,575,2022-09-17,766.49,pending
PAY00536,274,2022-10-29,884.14,completed
PAY00537,271,2025-05-22,1819.4,completed
PAY00538,624,2021-05-29,1978.0,pending
PAY00539,129,2021-09-02,813.98,failed
PAY00540,396,2023-04-23,86.35,failed
PAY00541,565,2023-03-27,731.49,pending
PAY00542,152,2022-04-03,272.58,failed
PAY00543,942,2025-05-07,817.3,failed
PAY00544,43,2021-03-29,743.39,failed
PAY00545,876,2023-07-17,1596.81,failed
PAY00546,294,2021-04-17,674.11,pending
PAY00547,250,2023-02-03,1642.0,failed
PAY00548,323,2024-03-03,1557.1,pending
PAY00549,21,2020-09-15,72.82,completed
PAY00550,840,2022-11-26,1659.63,pending
PAY00551,117,2022-07-25,562.37,failed
PAY00552,556,2021-02-17,705.41,pending
PAY00553,995,2020-11-27,177.66,pending
PAY00554,605,2025-05-28,607.25,completed
PAY00555,599,2020-09-29,1068.61,completed
PAY00556,609,2023-08-21,869.45,pending
PAY00557,332,2022-08-03,1577.76,failed
PAY00558,699,2022-06-09,574.83,failed
PAY00559,799,2023-05-27,1160.58,completed
PAY00560,106,2023-01-30,1600.58,failed
PAY00561,94,2025-01-07,1153.25,completed
PAY00562,692,2021-11-21,307.05,failed
PAY00563,725,2020-12-22,787.64,pending
PAY00564,636,2021-11-06,1055.91,completed
PAY00565,842,2021-12-12,356.86,completed
PAY00566,675,2025-05-05,1334.79,pending
PAY00567,52,2024-10-02,75.97,completed
PAY00568,1,2022-06-11,1710.14,failed
PAY00569,493,2021-07-07,376.98,completed
PAY00570,454,2022-04-18,70.02,completed
PAY00571,196,2021-06-16,822.09,completed
PAY00572,923,2024-07-13,1678.73,pending
PAY00573,507,2024-09-01,705.45,pending
PAY00574,547,2022-05-19,1552.51,failed
PAY00575,392,2024-08-25,1574.66,failed
PAY00576,548,2025-03-06,1835.54,failed
PAY00577,312,2022-10-24,1651.49,pending
PAY00578,264,2023-01-10,82.06,failed
PAY00579,284,2024-07-24,1201.42,failed
PAY00580,591,2020-11-16,249.49,pending
PAY00581,990,2025-05-06,804.34,pending
PAY00582,851,2021-06-29,942.76,completed
PAY00583,791,2023-09-17,848.22,completed
PAY00584,845,2021-01-20,1212.75,failed
PAY00585,19,2023-02-25,1215.13,pending
PAY00586,415,2021-04-14,1135.06,completed
PAY00587,488,2021-09-22,519.17,pending
PAY00588,601,2020-09-20,1462.45,pending
PAY00589,677,2021-03-02,314.01,failed
PAY00590,823,2022-08-27,1557.1,failed
PAY00591,566,2022-03-29,431.95,pending
PAY00592,412,2020-09-07,1767.12,failed
PAY00593,960,2021-01-13,674.85,pending
PAY00594,121,2024-10-26,1441.88,failed
PAY00595,441,2021-07-02,918.6,failed
PAY00596,579,2021-04-22,724.09,pending
PAY00597,556,2022-01-07,280.42,pending
PAY00598,695,2022-03-08,339.04,completed
PAY00599,806,2025-07-07,1791.84,pending
PAY00600,143,2022-06-06,1440.32,failed
PAY00601,446,2021-09-15,1665.72,completed
PAY00602,833,2022-09-16,1555.02,failed
PAY00603,480,2023-01-08,861.2,pending
PAY00604,300,2025-05-26,883.09,completed
PAY00605,483,2024-10-23,1129.05,failed
PAY00606,154,2024-10-10,681.95,completed
PAY00607,412,2025-08-07,996.64,completed
PAY00608,151,2023-11-16,319.97,pending
PAY00609,116,2022-01-25,1008.09,completed
PAY00610,694,2021-11-28,1033.69,pending
PAY00611,229,2022-01-30,1733.13,completed
PAY00612,709,2025-03-25,1856.65,pending
PAY00613,11,2022-03-22,1140.78,pending
PAY00614,763,2023-03-30,1543.99,failed
PAY00615,89,2025-03-13,1016.14,failed
PAY00616,485,2021-07-23,815.73,failed
PAY00617,419,2024-09-05,465.97,completed
PAY00618,195,2025-05-02,1695.8,pending
PAY00619,389,2023-02-01,1062.45,completed
PAY00620,795,2020-09-18,213.9,failed
PAY00621,15,2021-03-07,1121.89,pending
PAY00622,389,2021-03-06,358.05,failed
PAY00623,624,2024-10-09,336.83,completed
PAY00624,507,2025-03-10,583.54,completed
PAY00625,837,2022-01-04,1666.74,failed
PAY00626,184,2021-11-19,794.89,failed
PAY00627,482,2025-01-10,1909.69,pending
PAY00628,286,2022-06-21,1725.98,pending
PAY00629,941,2024-02-26,224.26,pending
PAY00630,112,2021-07-04,510.98,failed
PAY00631,163,2023-05-27,750.12,pending
PAY00632,322,2023-08-28,1226.88,failed
PAY00633,635,2021-10-04,84.55,completed
PAY00634,737,2022-08-01,421.7,failed
PAY00635,883,2021-04-16,1693.51,pending
PAY00636,699,2024-03-11,1914.59,failed
PAY00637,102,2022-12-03,143.66,completed
PAY00638,745,2023-09-14,1922.1,pending
PAY00639,241,2023-07-28,1284.56,pending
PAY00640,659,2025-07-30,891.28,failed
PAY00641,903,2022-04-08,1209.71,failed
PAY00642,1,2022-04-20,1704.93,pending
PAY00643,852,2023-10-01,1875.63,pending
PAY00644,418,2021-07-11,1359.27,completed
PAY00645,792,2024-08-31,1626.54,completed
PAY00646,177,2021-04-24,538.57,failed
PAY00647,1,2023-09-21,1436.64,pending
PAY00648,341,2023-04-12,440.69,pending
PAY00649,51,2024-01-09,1934.08,completed
PAY00650,291,2025-03-01,215.9,pending
PAY00651,51,2020-10-20,1586.43,pending
PAY00652,257,2022-09-11,1843.31,completed
PAY00653,222,2024-12-22,1156.08,completed
PAY00654,816,2021-08-14,1806.18,completed
PAY00655,504,2025-07-27,318.78,completed
PAY00656,995,2021-12-27,58.36,completed
PAY00657,313,2020-08-29,946.33,pending
PAY00658,855,2020-12-14,320.57,failed
PAY00659,24,2025-07-31,1590.69,pending
PAY00660,512,2024-07-27,874.26,pending
PAY00661,477,2023-12-31,525.35,failed
PAY00662,762,2024-11-20,728.96,failed
PAY00663,239,2024-05-05,1458.99,failed
PAY00664,15,2024-12-18,259.39,completed
PAY00665,752,2023-03-23,1769.59,pending
PAY00666,149,2020-11-29,1570.48,failed
PAY00667,607,2020-11-27,951.14,failed
PAY00668,432,2023-08-09,103.14,pending
PAY00669,60,2021-12-31,1003.84,completed
PAY00670,775,2024-10-07,302.08,pending
PAY00671,461,2022-01-04,1434.87,completed
PAY00672,647,2024-03-09,1413.25,completed
PAY00673,428,2021-11-19,913.01,pending
PAY00674,306,2025-01-15,680.65,failed
PAY00675,970,2024-08-03,1162.95,pending
PAY00676,959,2025-03-19,1702.65,failed
PAY00677,509,2024-04-13,305.11,failed
PAY00678,938,2023-12-23,870.45,pending
PAY00679,145,2025-05-28,829.59,pending
PAY00680,146,2020-12-12,1308.98,completed
PAY00681,962,2023-04-22,539.5,pending
PAY00682,320,2021-07-29,1454.86,failed
PAY00683,960,2025-06-02,1601.03,pending
PAY00684,645,2021-08-12,215.19,completed
PAY00685,962,2021-03-04,1754.24,pending
PAY00686,141,2023-08-07,72.4,pending
PAY00687,858,2023-04-09,465.43,failed
PAY00688,300,2022-03-18,1255.01,failed
PAY00689,575,2022-07-26,653.89,pending
PAY00690,648,2024-12-23,227.09,completed
PAY00691,485,2022-05-04,246.47,pending
PAY00692,602,2020-09-30,1720.86,pending
PAY00693,154,2024-11-08,1529.87,completed
PAY00694,252,2022-02-11,1050.93,pending
PAY00695,684,2024-01-17,292.79,pending
PAY00696,975,2021-02-22,1712.35,failed
PAY00697,57,2023-08-19,734.1,pending
PAY00698,199,2025-04-09,1264.75,completed
PAY00699,761,2024-11-29,147.83,completed
PAY00700,878,2022-12-30,1636.96,completed
PAY00701,294,2023-02-11,1897.83,failed
PAY00702,965,2025-01-27,1145.01,completed
PAY00703,774,2022-09-21,1876.48,completed
PAY00704,85,2021-05-15,179.98,failed
PAY00705,370,2024-03-03,1423.35,completed
PAY00706,218,2024-03-12,1922.6,failed
PAY00707,745,2022-05-28,269.02,pending
PAY00708,918,2024-08-27,617.03,failed
PAY00709,763,2023-09-12,833.74,completed
PAY00710,49,2022-12-11,1892.6,completed
PAY00711,753,2025-04-19,1359.46,failed
PAY00712,503,2024-04-23,721.84,failed
PAY00713,106,2021-07-06,963.2,pending
PAY00714,836,2024-01-27,766.96,pending
PAY00715,920,2025-03-04,1122.34,completed
PAY00716,50,2022-09-11,401.57,completed
PAY00717,720,2022-12-16,1523.92,failed
PAY00718,746,2024-01-11,448.36,completed
PAY00719,612,2025-05-08,471.82,failed
PAY00720,480,2023-04-13,368.42,failed
PAY00721,749,2020-10-18,1596.0,pending
PAY00722,499,2023-01-20,487.68,failed
PAY00723,661,2024-03-15,454.97,completed
PAY00724,287,2024-02-25,152.05,pending
PAY00725,108,2024-07-11,1399.25,completed
PAY00726,954,2022-05-10,856.13,failed
PAY00727,761,2025-06-23,1134.2,completed
PAY00728,835,2023-02-09,1706.77,completed
PAY00729,147,2024-09-09,891.89,pending
PAY00730,73,2024-03-03,1683.55,pending
PAY00731,126,2021-10-31,1501.9,failed
PAY00732,333,2021-01-29,724.14,completed
PAY00733,955,2024-07-25,1980.37,completed
PAY00734,294,2024-01-05,1820.34,pending
PAY00735,352,2023-08-10,1791.74,failed
PAY00736,374,2021-02-12,1981.88,pending
PAY00737,247,2021-11-15,1450.5,failed
PAY00738,754,2025-06-10,437.27,failed
PAY00739,101,2024-04-15,1756.5,completed
PAY00740,961,2022-11-07,219.6,failed
PAY00741,91,2024-01-07,261.08,completed
PAY00742,752,2023-03-20,1395.39,completed
PAY00743,582,2024-10-03,1843.76,pending
PAY00744,5,2022-02-11,407.38,pending
PAY00745,459,2021-07-12,361.29,completed
PAY00746,571,2025-07-17,394.04,completed
PAY00747,941,2024-12-05,1462.88,completed
PAY00748,780,2023-04-28,1862.22,failed
PAY00749,425,2020-10-08,1572.47,completed
PAY00750,344,2022-07-24,1701.78,pending
PAY00751,888,2024-01-22,1970.84,pending
PAY00752,585,2024-06-29,1165.8,completed
PAY00753,866,2020-11-14,995.28,completed
PAY00754,83,2023-08-18,1539.07,pending
PAY00755,844,2022-11-28,1101.88,completed
PAY00756,871,2024-04-20,973.75,pending
PAY00757,200,2023-10-11,1239.87,pending
PAY00758,161,2023-10-15,144.3,failed
PAY00759,770,2024-09-18,124.97,failed
PAY00760,948,2022-12-09,1590.74,pending
PAY00761,399,2022-06-30,775.71,completed
PAY00762,13,2025-03-11,639.06,failed
PAY00763,857,2021-03-21,1105.05,pending
PAY00764,787,2022-05-15,1700.67,failed
PAY00765,30,2021-01-10,184.44,pending
PAY00766,117,2024-11-10,220.28,failed
PAY00767,313,2021-09-25,1304.72,pending
PAY00768,539,2023-01-14,586.58,completed
PAY00769,46,2025-01-16,231.81,pending
PAY00770,488,2020-11-13,1131.06,pending
PAY00771,762,2024-05-03,1850.25,completed
PAY00772,782,2022-05-09,435.35,completed
PAY00773,58,2025-03-28,1962.09,completed
PAY00774,188,2024-04-25,113.97,completed
PAY00775,852,2022-05-03,1315.83,failed
PAY00776,379,2024-02-14,799.53,failed
PAY00777,237,2024-09-24,1888.24,completed
PAY00778,826,2021-07-18,1150.74,failed
PAY00779,866,2022-04-21,383.82,failed
PAY00780,718,2021-02-02,527.0,failed
PAY00781,230,2023-03-08,1301.79,completed
PAY00782,999,2022-11-05,1013.95,completed
PAY00783,141,2024-08-24,417.86,failed
PAY00784,914,2023-08-18,766.9,pending
PAY00785,508,2023-04-22,1745.83,completed
PAY00786,729,2021-03-19,1837.02,failed
PAY00787,959,2021-11-13,1837.54,pending
PAY00788,834,2022-04-27,1219.86,failed
PAY00789,138,2020-12-08,1302.56,pending
PAY00790,280,2024-12-02,1555.19,completed
PAY00791,935,2024-09-27,664.54,failed
PAY00792,235,2021-09-15,1043.64,completed
PAY00793,649,2022-08-23,521.84,pending
PAY00794,419,2025-03-01,1210.32,completed
PAY00795,19,2025-01-03,317.64,pending
PAY00796,767,2023-05-04,1269.41,failed
PAY00797,438,2022-07-12,1905.28,completed
PAY00798,912,2023-05-06,585.47,failed
PAY00799,862,2024-05-25,1467.03,pending
PAY00800,665,2023-08-29,749.2,pending
PAY00801,56,2022-12-05,494.52,completed
PAY00802,75,2023-01-29,1455.01,completed
PAY00803,703,2022-01-25,438.86,completed
PAY00804,50,2022-01-05,1978.49,failed
PAY00805,893,2021-03-25,486.91,completed
PAY00806,427,2024-11-29,190.56,completed
PAY00807,630,2021-07-23,753.42,pending
PAY00808,494,2024-06-14,255.57,failed
PAY00809,266,2024-11-10,970.7,completed
PAY00810,298,2020-08-15,1109.77,failed
PAY00811,900,2024-05-13,1375.93,completed
PAY00812,746,2022-02-21,403.32,failed
PAY00813,746,2025-06-07,1709.92,completed
PAY00814,387,2021-04-03,822.16,pending
PAY00815,568,2023-01-22,1912.58,failed
PAY00816,430,2023-03-27,1402.27,pending
PAY00817,63,2023-06-30,1548.46,failed
PAY00818,92,2024-11-09,762.29,pending
PAY00819,161,2020-10-16,1990.26,pending
PAY00820,693,2022-08-22,492.8,failed
PAY00821,320,2020-09-08,507.28,failed
PAY00822,862,2024-07-28,262.37,failed
PAY00823,471,2022-11-11,1909.29,failed
PAY00824,756,2025-02-05,1727.73,pending
PAY00825,34,2024-09-21,1607.04,failed
PAY00826,432,2022-06-07,556.29,pending
PAY00827,244,2023-03-01,1941.55,completed
PAY00828,310,2022-05-09,1200.73,completed
PAY00829,988,2024-01-28,1873.06,completed
PAY00830,908,2021-06-10,369.31,completed
PAY00831,556,2022-10-29,414.91,pending
PAY00832,259,2024-05-31,817.43,pending
PAY00833,436,2022-01-12,1761.48,pending
PAY00834,938,2023-01-30,120.77,failed
PAY00835,233,2021-01-09,268.49,pending
PAY00836,158,2022-08-03,1680.88,failed
PAY00837,528,2025-08-02,669.73,pending
PAY00838,876,2020-11-10,243.34,completed
PAY00839,145,2020-12-22,1604.26,failed
PAY00840,702,2023-09-02,664.4,pending
PAY00841,26,2021-08-31,1052.35,pending
PAY00842,438,2023-02-07,1165.58,pending
PAY00843,825,2024-03-07,100.05,failed
PAY00844,902,2023-01-13,1388.32,pending
PAY00845,65,2021-05-24,675.7,failed
PAY00846,843,2021-06-30,1983.14,pending
PAY00847,884,2023-08-23,863.01,failed
PAY00848,507,2025-03-29,1163.13,pending
PAY00849,987,2021-10-25,555.42,completed
PAY00850,881,2023-09-18,1513.66,failed
PAY00851,110,2021-12-26,1620.43,failed
PAY00852,236,2025-03-23,732.08,failed
PAY00853,385,2022-01-10,294.71,pending
PAY00854,490,2022-05-23,1451.5,completed
PAY00855,178,2024-12-19,68.97,pending
PAY00856,84,2025-01-24,151.98,completed
PAY00857,280,2022-10-21,1990.33,completed
PAY00858,969,2023-10-01,1936.24,pending
PAY00859,51,2021-10-09,1742.5,completed
PAY00860,588,2023-12-12,1924.79,pending
PAY00861,97,2021-05-29,1935.97,failed
PAY00862,344,2023-04-26,650.75,completed
PAY00863,132,2024-03-17,391.02,completed
PAY00864,418,2020-11-17,117.25,completed
PAY00865,598,2021-07-22,840.64,failed
PAY00866,519,2023-10-21,667.3,pending
PAY00867,680,2021-10-18,1943.44,completed
PAY00868,672,2021-04-30,1602.99,pending
PAY00869,245,2022-06-23,1735.64,failed
PAY00870,474,2021-02-22,488.54,failed
PAY00871,418,2022-11-07,595.16,pending
PAY00872,580,2023-10-15,1552.73,completed
PAY00873,251,2024-12-08,380.57,pending
PAY00874,619,2023-07-18,999.36,completed
PAY00875,186,2020-12-15,974.74,failed
PAY00876,742,2022-01-16,1737.53,completed
PAY00877,86,2025-07-05,669.6,pending
PAY00878,326,2023-08-13,1143.83,pending
PAY00879,479,2022-12-03,629.37,failed
PAY00880,861,2022-08-08,1919.94,completed
PAY00881,877,2025-05-30,155.04,completed
PAY00882,366,2022-08-14,1581.84,failed
PAY00883,994,2021-12-02,718.02,completed
PAY00884,598,2023-10-10,1481.84,completed
PAY00885,691,2024-09-29,123.61,failed
PAY00886,171,2021-05-31,1485.69,completed
PAY00887,117,2022-09-17,1712.79,completed
PAY00888,512,2022-11-19,1100.33,completed
PAY00889,612,2022-03-31,1435.26,completed
PAY00890,138,2023-06-12,1676.66,failed
PAY00891,861,2020-12-02,1250.85,pending
PAY00892,321,2023-01-04,597.25,completed
PAY00893,547,2025-01-24,1226.2,pending
PAY00894,780,2022-12-23,1368.47,pending
PAY00895,439,2025-07-18,893.56,completed
PAY00896,507,2021-03-24,1850.01,pending
PAY00897,735,2021-05-11,677.77,pending
PAY00898,676,2021-03-18,1878.91,pending
PAY00899,557,2023-10-05,162.55,completed
PAY00900,274,2025-01-23,1464.18,completed
PAY00901,36,2023-11-27,91.57,completed
PAY00902,433,2025-02-19,149.29,completed
PAY00903,584,2022-05-16,124.96,failed
PAY00904,752,2023-08-15,1597.29,failed
PAY00905,150,2022-07-02,1985.98,completed
PAY00906,932,2021-05-26,1847.35,pending
PAY00907,105,2023-06-24,537.63,failed
PAY00908,442,2025-02-09,1232.27,pending
PAY00909,131,2021-07-25,402.96,failed
PAY00910,561,2021-06-26,1287.75,pending
PAY00911,469,2023-06-03,1014.85,pending
PAY00912,850,2020-11-13,1987.7,completed
PAY00913,692,2025-06-06,131.52,completed
PAY00914,372,2022-01-28,1153.64,pending
PAY00915,51,2021-12-07,1429.3,pending
PAY00916,974,2024-01-24,1288.23,pending
PAY00917,229,2020-09-26,706.95,completed
PAY00918,793,2024-03-01,1994.33,pending
PAY00919,918,2020-11-07,193.96,failed
PAY00920,292,2022-06-13,1294.44,failed
PAY00921,663,2022-11-21,1976.76,completed
PAY00922,590,2021-12-13,272.15,pending
PAY00923,570,2023-05-05,243.67,completed
PAY00924,87,2022-08-11,1576.64,failed
PAY00925,225,2021-08-10,788.37,pending
PAY00926,998,2022-09-15,983.94,failed
PAY00927,998,2021-06-11,1143.67,completed
PAY00928,843,2021-02-10,1482.96,pending
PAY00929,713,2025-03-28,909.85,failed
PAY00930,164,2020-12-15,286.28,failed
PAY00931,655,2021-12-27,938.38,completed
PAY00932,37,2020-11-02,238.66,failed
PAY00933,923,2022-02-27,105.02,completed
PAY00934,116,2023-06-11,1867.06,pending
PAY00935,100,2023-03-14,1175.61,completed
PAY00936,911,2024-11-12,1554.39,failed
PAY00937,182,2021-01-23,232.87,completed
PAY00938,843,2024-04-17,1178.04,failed
PAY00939,492,2020-12-21,1334.54,failed
PAY00940,832,2020-11-02,302.65,failed
PAY00941,685,2021-11-29,1050.94,completed
PAY00942,724,2024-01-29,1362.31,failed
PAY00943,117,2020-09-02,517.42,completed
PAY00944,820,2021-04-29,80.85,pending
PAY00945,444,2020-12-01,1991.16,failed
PAY00946,448,2021-09-27,125.55,failed
PAY00947,484,2025-02-24,1718.85,pending
PAY00948,526,2022-03-08,1232.73,failed
PAY00949,587,2024-05-14,642.86,failed
PAY00950,422,2023-02-02,723.65,failed
PAY00951,157,2025-04-01,1978.36,pending
PAY00952,755,2023-05-24,781.03,pending
PAY00953,322,2021-03-27,1884.07,completed
PAY00954,614,2022-02-02,735.72,pending
PAY00955,69,2024-11-17,135.93,pending
PAY00956,954,2024-07-19,81.43,failed
PAY00957,475,2022-01-17,1227.4,completed
PAY00958,143,2022-01-18,488.57,failed
PAY00959,214,2020-12-21,277.39,failed
PAY00960,160,2023-09-29,1488.8,completed
PAY00961,295,2025-07-06,1837.07,failed
PAY00962,527,2025-01-23,1404.37,pending
PAY00963,908,2021-06-23,1188.69,failed
PAY00964,818,2023-04-10,946.02,pending
PAY00965,536,2025-04-01,57.6,failed
PAY00966,57,2022-07-23,422.73,failed
PAY00967,443,2023-07-05,913.76,completed
PAY00968,922,2023-05-22,733.65,failed
PAY00969,482,2022-07-14,775.61,completed
PAY00970,223,2025-06-19,1766.79,pending
PAY00971,29,2023-07-01,1732.92,failed
PAY00972,570,2022-12-21,1240.59,pending
PAY00973,600,2022-09-08,1670.27,completed
PAY00974,446,2024-02-21,320.04,completed
PAY00975,22,2021-02-26,1717.9,pending
PAY00976,493,2024-10-15,1163.2,pending
PAY00977,675,2022-01-20,137.02,pending
PAY00978,704,2022-06-28,1107.59,completed
PAY00979,798,2024-01-05,603.6,failed
PAY00980,488,2023-08-08,886.29,failed
PAY00981,818,2024-01-26,1670.78,pending
PAY00982,660,2024-05-09,587.81,completed
PAY00983,312,2024-05-05,566.64,failed
PAY00984,938,2021-04-22,714.54,completed
PAY00985,648,2022-07-25,1640.65,failed
PAY00986,129,2024-02-07,1096.11,failed
PAY00987,132,2022-01-27,59.79,completed
PAY00988,893,2024-05-16,1273.66,completed
PAY00989,875,2021-10-31,1848.56,pending
PAY00990,374,2023-05-31,1950.27,pending
PAY00991,520,2023-09-19,986.38,completed
PAY00992,423,2022-05-09,1588.4,completed
PAY00993,291,2024-12-01,1618.53,completed
PAY00994,105,2021-08-16,1306.59,pending
PAY00995,685,2021-03-03,316.48,completed
PAY00996,274,2023-06-16,522.23,failed
PAY00997,728,2021-01-13,1138.74,completed
PAY00998,457,2025-05-21,258.49,pending
PAY00999,342,2022-02-12,189.37,completed
PAY01000,343,2021-01-04,858.15,pending
PAY01001,598,2020-09-13,1775.54,pending
PAY01002,647,2021-06-12,818.71,completed
PAY01003,336,2020-12-02,371.82,failed
PAY01004,330,2023-10-12,412.36,failed
PAY01005,965,2025-03-14,1950.39,pending
PAY01006,129,2025-01-30,1354.12,failed
PAY01007,436,2021-02-12,618.77,pending
PAY01008,198,2022-11-20,892.98,pending
PAY01009,199,2024-04-19,301.39,failed
PAY01010,948,2022-03-29,1075.0,failed
PAY01011,539,2025-04-06,1339.62,pending
PAY01012,154,2022-05-22,1354.34,failed
PAY01013,549,2020-12-12,1517.43,pending
PAY01014,347,2020-09-17,1333.39,failed
PAY01015,666,2022-06-05,203.68,completed
PAY01016,912,2021-04-07,1850.82,pending
PAY01017,659,2021-01-11,1045.08,failed
PAY01018,168,2023-12-18,1755.44,completed
PAY01019,166,2024-03-30,128.65,pending
PAY01020,129,2022-06-13,432.94,failed
PAY01021,186,2025-01-22,418.38,completed
PAY01022,80,2021-11-28,1816.83,failed
PAY01023,124,2024-08-27,742.8,failed
PAY01024,552,2025-02-26,1812.58,completed
PAY01025,253,2022-08-12,1373.16,failed
PAY01026,660,2022-06-05,133.5,pending
PAY01027,731,2021-10-23,1204.24,completed
PAY01028,686,2025-05-18,1972.62,pending
PAY01029,350,2023-07-05,1868.28,pending
PAY01030,549,2021-07-30,1288.28,pending
PAY01031,979,2022-08-18,402.49,failed
PAY01032,195,2024-10-23,236.8,pending
PAY01033,954,2025-04-26,351.65,pending
PAY01034,334,2023-10-23,913.11,pending
PAY01035,836,2021-04-29,1958.52,pending
PAY01036,907,2022-12-23,829.47,completed
PAY01037,24,2023-07-18,803.8,pending
PAY01038,126,2022-05-06,616.5,failed
PAY01039,927,2024-12-16,1036.89,pending
PAY01040,397,2024-04-30,1881.4,completed
PAY01041,802,2021-05-27,950.44,failed
PAY01042,173,2024-04-26,515.67,pending
PAY01043,501,2023-07-07,756.77,completed
PAY01044,551,2025-05-22,510.84,completed
PAY01045,859,2022-11-19,1795.79,completed
PAY01046,699,2024-07-19,1070.69,failed
PAY01047,956,2021-01-31,1947.65,pending
PAY01048,743,2022-08-24,1034.51,completed
PAY01049,252,2021-03-13,1388.21,failed
PAY01050,399,2023-06-16,1097.62,completed
PAY01051,992,2023-01-23,1543.23,pending
PAY01052,830,2020-11-20,777.17,completed
PAY01053,968,2025-08-11,1763.86,pending
PAY01054,676,2023-12-20,1336.67,failed
PAY01055,340,2024-03-22,1676.27,failed
PAY01056,161,2021-05-23,270.61,pending
PAY01057,952,2024-04-11,1403.8,failed
PAY01058,765,2022-05-08,974.29,completed
PAY01059,177,2023-07-07,573.48,failed
PAY01060,473,2023-01-29,1918.13,failed
PAY01061,507,2025-05-29,1985.87,pending
PAY01062,73,2024-07-05,99.22,completed
PAY01063,585,2025-07-09,1333.2,failed
PAY01064,174,2021-07-01,1751.39,completed
PAY01065,172,2025-04-16,1298.03,completed
PAY01066,721,2022-04-07,1497.24,pending
PAY01067,746,2020-10-01,1086.3,failed
PAY01068,500,2021-05-31,952.59,completed
PAY01069,758,2020-11-27,1964.59,completed
PAY01070,574,2024-05-06,451.31,failed
PAY01071,820,2025-06-09,1626.11,pending
PAY01072,778,2025-02-13,416.07,failed
PAY01073,291,2025-04-02,618.16,failed
PAY01074,786,2021-10-13,569.12,completed
PAY01075,976,2023-02-18,743.48,completed
PAY01076,344,2025-08-12,1159.73,pending
PAY01077,647,2022-05-31,857.52,pending
PAY01078,385,2021-07-04,1008.08,pending
PAY01079,355,2023-03-21,1348.21,failed
PAY01080,506,2020-09-21,1410.27,pending
PAY01081,870,2020-09-16,1917.92,completed
PAY01082,121,2025-07-10,949.07,failed
PAY01083,748,2022-06-10,1127.04,completed
PAY01084,170,2024-06-18,1395.32,pending
PAY01085,12,2022-02-25,1587.87,failed
PAY01086,667,2022-06-07,545.8,completed
PAY01087,586,2022-01-31,1538.78,failed
PAY01088,67,2022-04-26,901.22,failed
PAY01089,847,2022-01-15,1888.01,completed
PAY01090,167,2020-10-06,1666.08,completed
PAY01091,712,2021-02-10,639.37,completed
PAY01092,856,2023-07-21,796.08,failed
PAY01093,66,2023-11-16,836.61,failed
PAY01094,258,2022-07-15,815.16,failed
PAY01095,823,2023-04-15,591.27,pending
PAY01096,988,2024-04-28,108.94,pending
PAY01097,705,2022-03-27,116.21,failed
PAY01098,844,2021-10-24,1053.98,pending
PAY01099,930,2022-01-11,1196.19,completed
PAY01100,466,2023-10-16,1723.39,completed
PAY01101,671,2024-07-18,559.64,failed
PAY01102,968,2023-12-18,471.4,pending
PAY01103,355,2022-12-15,732.93,failed
PAY01104,376,2022-06-13,1229.63,pending
PAY01105,518,2022-08-15,1085.37,pending
PAY01106,397,2023-03-14,934.46,pending
PAY01107,411,2022-11-17,299.29,completed
PAY01108,865,2021-07-03,1845.39,pending
PAY01109,329,2024-11-02,1744.53,completed
PAY01110,937,2024-06-04,1965.66,pending
PAY01111,196,2023-03-03,498.51,failed
PAY01112,968,2025-02-16,1558.9,completed
PAY01113,302,2024-02-12,381.0,failed
PAY01114,738,2023-11-25,1575.44,pending
PAY01115,322,2024-02-03,1807.33,failed
PAY01116,488,2024-09-19,446.87,pending
PAY01117,388,2025-01-23,1776.47,failed
PAY01118,309,2022-12-10,1054.06,pending
PAY01119,518,2022-10-14,1733.23,pending
PAY01120,124,2023-01-11,1257.41,failed
PAY01121,375,2020-09-01,355.17,completed
PAY01122,176,2023-10-17,1595.6,pending
PAY01123,932,2024-05-28,894.81,failed
PAY01124,935,2021-01-19,1367.54,failed
PAY01125,605,2025-07-20,883.76,failed
PAY01126,797,2021-05-28,545.03,pending
PAY01127,128,2024-07-26,602.65,pending
PAY01128,195,2024-03-17,846.61,failed
PAY01129,871,2025-07-31,1719.08,pending
PAY01130,462,2022-08-22,834.89,pending
PAY01131,89,2024-02-10,1324.36,completed
PAY01132,927,2024-02-22,1096.24,completed
PAY01133,958,2025-04-26,180.6,failed
PAY01134,578,2025-02-12,293.05,pending
PAY01135,729,2024-07-01,1316.77,pending
PAY01136,994,2023-09-04,1409.31,failed
PAY01137,153,2022-12-27,1629.6,completed
PAY01138,560,2021-11-19,1958.17,failed
PAY01139,827,2022-09-03,931.53,completed
PAY01140,290,2024-03-25,1444.38,completed
PAY01141,124,2023-07-31,63.28,pending
PAY01142,440,2024-06-03,698.94,pending
PAY01143,954,2021-01-11,326.95,pending
PAY01144,791,2022-03-07,1999.79,completed
PAY01145,166,2024-09-30,265.93,completed
PAY01146,187,2025-05-02,1565.15,failed
PAY01147,764,2021-03-07,716.14,failed
PAY01148,160,2023-08-14,470.53,failed
PAY01149,861,2023-10-23,130.36,pending
PAY01150,183,2023-06-20,1874.01,failed
PAY01151,974,2021-05-14,1472.47,pending
PAY01152,767,2021-07-26,1476.2,pending
PAY01153,816,2023-05-26,608.37,failed
PAY01154,261,2023-05-16,142.3,completed
PAY01155,850,2020-08-29,1790.52,failed
PAY01156,474,2025-01-25,419.52,pending
PAY01157,421,2021-08-22,244.03,completed
PAY01158,271,2020-11-18,895.94,completed
PAY01159,981,2022-08-01,97.98,failed
PAY01160,324,2022-07-02,339.31,completed
PAY01161,471,2022-12-30,992.02,pending
PAY01162,582,2022-04-26,1605.36,pending
PAY01163,234,2021-05-17,283.29,pending
PAY01164,643,2025-05-15,1089.53,pending
PAY01165,294,2023-02-10,693.41,failed
PAY01166,162,2020-09-14,1205.18,failed
PAY01167,500,2021-05-23,1150.25,failed
PAY01168,955,2024-01-03,1639.46,completed
PAY01169,801,2022-09-24,1365.14,completed
PAY01170,901,2025-04-04,197.81,pending
PAY01171,100,2021-01-29,1246.67,pending
PAY01172,975,2022-08-26,119.22,failed
PAY01173,422,2022-08-22,394.77,failed
PAY01174,668,2022-12-04,1156.97,failed
PAY01175,845,2024-08-29,676.52,completed
PAY01176,473,2023-04-12,1288.7,failed
PAY01177,708,2021-09-13,778.4,completed
PAY01178,337,2021-03-25,1363.25,failed
PAY01179,691,2024-05-14,1462.43,completed
PAY01180,659,2024-09-30,612.16,completed
PAY01181,3,2023-02-13,1091.36,completed
PAY01182,454,2022-08-03,1105.58,pending
PAY01183,409,2024-11-09,782.56,pending
PAY01184,387,2022-12-30,1994.14,pending
PAY01185,716,2023-07-20,385.22,pending
PAY01186,347,2021-11-25,1952.8,pending
PAY01187,690,2024-03-10,839.27,failed
PAY01188,788,2025-07-13,1776.06,completed
PAY01189,463,2021-03-16,1001.84,pending
PAY01190,621,2023-12-13,1971.77,completed
PAY01191,964,2023-06-27,1573.8,completed
PAY01192,929,2022-11-13,1313.63,failed
PAY01193,99,2025-04-29,1550.41,failed
PAY01194,429,2020-12-31,61.77,completed
PAY01195,130,2022-03-18,176.74,completed
PAY01196,354,2021-06-07,1006.75,completed
PAY01197,446,2023-03-02,1614.15,pending
PAY01198,882,2024-03-24,169.09,completed
PAY01199,253,2022-02-08,1820.35,completed
PAY01200,375,2024-04-26,512.09,failed
PAY01201,725,2024-12-08,1011.72,completed
PAY01202,572,2023-08-22,1586.17,completed
PAY01203,818,2021-06-20,1128.75,completed
PAY01204,553,2022-03-05,1883.46,failed
PAY01205,868,2021-11-30,1687.49,failed
PAY01206,364,2020-09-24,200.82,pending
PAY01207,710,2022-08-29,748.87,pending
PAY01208,557,2025-02-15,596.28,completed
PAY01209,512,2021-07-24,165.23,pending
PAY01210,39,2021-01-15,1815.77,completed
PAY01211,394,2025-08-12,468.71,completed
PAY01212,726,2022-10-05,1212.66,pending
PAY01213,577,2021-12-16,265.61,completed
PAY01214,222,2024-12-03,1298.21,failed
PAY01215,904,2023-12-09,1233.84,failed
PAY01216,939,2022-03-10,1402.6,failed
PAY01217,312,2022-06-17,707.34,failed
PAY01218,383,2021-03-21,496.83,completed
PAY01219,969,2021-11-10,490.87,failed
PAY01220,124,2021-06-08,1172.63,pending
PAY01221,92,2025-05-17,173.42,completed
PAY01222,667,2023-03-09,1086.64,pending
PAY01223,669,2021-10-09,1338.72,pending
PAY01224,593,2021-04-16,1630.51,completed
PAY01225,833,2024-05-15,113.8,completed
PAY01226,85,2020-09-26,575.68,completed
PAY01227,948,2022-07-23,1138.57,completed
PAY01228,295,2020-10-13,776.81,failed
PAY01229,503,2025-02-27,212.92,pending
PAY01230,371,2020-08-19,1792.86,completed
PAY01231,614,2023-08-07,883.67,pending
PAY01232,306,2024-10-18,1899.33,completed
PAY01233,338,2022-04-19,517.82,pending
PAY01234,890,2023-01-22,270.47,failed
PAY01235,780,2023-10-15,989.28,failed
PAY01236,577,2024-10-26,1909.82,completed
PAY01237,220,2023-07-05,1198.67,pending
PAY01238,857,2023-12-25,776.75,completed
PAY01239,788,2023-05-22,1270.69,completed
PAY01240,680,2023-01-10,1521.85,completed
PAY01241,110,2022-02-08,193.55,completed
PAY01242,636,2021-06-04,464.63,completed
PAY01243,524,2025-01-23,976.9,failed
PAY01244,194,2020-09-28,984.92,failed
PAY01245,581,2021-07-31,1437.99,completed
PAY01246,77,2024-08-25,1275.1,completed
PAY01247,415,2023-06-07,722.71,completed
PAY01248,906,2022-04-28,203.21,completed
PAY01249,648,2022-08-27,236.43,failed
PAY01250,798,2024-12-29,1920.41,failed
PAY01251,399,2023-10-27,622.44,completed
PAY01252,914,2023-03-01,329.55,failed
PAY01253,433,2021-11-14,1269.51,pending
PAY01254,183,2022-09-27,302.71,pending
PAY01255,36,2021-05-10,1766.21,failed
PAY01256,933,2025-03-13,1857.02,failed
PAY01257,92,2024-03-10,904.86,pending
PAY01258,780,2022-05-06,1274.41,failed
PAY01259,882,2022-02-06,536.99,completed
PAY01260,690,2021-06-08,604.42,failed
PAY01261,71,2021-12-02,203.93,failed
PAY01262,918,2024-10-18,1942.32,pending
PAY01263,392,2021-03-23,578.96,pending
PAY01264,433,2024-05-06,410.06,pending
PAY01265,623,2023-04-23,1537.79,failed
PAY01266,368,2024-09-06,738.88,failed
PAY01267,205,2022-11-29,1228.57,pending
PAY01268,626,2021-11-26,1397.24,completed
PAY01269,124,2024-01-19,463.65,pending
PAY01270,866,2024-06-14,467.97,completed
PAY01271,446,2023-04-21,1415.8,completed
PAY01272,736,2023-01-02,60.49,pending
PAY01273,335,2021-12-02,1209.21,completed
PAY01274,148,2023-01-20,788.96,pending
PAY01275,52,2020-08-18,106.0,pending
PAY01276,957,2022-05-20,1102.97,pending
PAY01277,527,2023-04-30,1034.34,completed
PAY01278,58,2023-10-24,523.09,pending
PAY01279,175,2022-02-13,697.26,failed
PAY01280,847,2021-11-03,704.43,completed
PAY01281,272,2023-07-24,1219.68,completed
PAY01282,220,2021-09-05,733.24,completed
PAY01283,156,2021-03-09,1915.85,completed
PAY01284,950,2024-10-04,1532.2,failed
PAY01285,592,2025-06-08,746.79,failed
PAY01286,792,2021-01-21,1384.11,pending
PAY01287,937,2020-12-10,111.66,failed
PAY01288,580,2024-09-10,1071.43,failed
PAY01289,682,2025-01-05,205.67,completed
PAY01290,31,2024-11-25,381.85,failed
PAY01291,217,2021-01-30,917.51,failed
PAY01292,251,2022-10-12,967.3,pending
PAY01293,591,2020-08-15,1033.56,pending
PAY01294,208,2022-08-20,1660.89,pending
PAY01295,571,2023-01-29,1095.66,failed
PAY01296,145,2020-12-07,1496.94,completed
PAY01297,15,2021-07-16,525.1,failed
PAY01298,788,2022-03-20,547.71,pending
PAY01299,723,2025-07-02,1828.3,failed
PAY01300,238,2022-10-22,840.09,failed
PAY01301,769,2022-09-27,1629.71,failed
PAY01302,654,2025-02-20,852.28,completed
PAY01303,794,2020-08-19,258.68,pending
PAY01304,229,2022-04-06,447.39,completed
PAY01305,534,2022-11-29,1231.7,failed
PAY01306,349,2022-01-17,772.75,failed
PAY01307,427,2021-08-26,1652.57,failed
PAY01308,498,2021-07-01,1345.94,completed
PAY01309,881,2021-07-02,267.83,completed
PAY01310,926,2024-03-07,1498.28,completed
PAY01311,342,2021-04-11,1543.99,failed
PAY01312,613,2021-03-21,1907.09,completed
PAY01313,677,2021-01-21,135.9,failed
PAY01314,190,2022-10-08,466.06,failed
PAY01315,77,2024-12-28,1344.88,pending
PAY01316,437,2023-11-07,1432.47,completed
PAY01317,419,2025-02-04,1593.85,completed
PAY01318,706,2024-11-15,1545.4,pending
PAY01319,543,2023-06-21,1398.4,failed
PAY01320,834,2023-02-13,934.05,pending
PAY01321,658,2022-11-19,834.61,completed
PAY01322,42,2024-04-08,258.25,pending
PAY01323,262,2023-06-27,1189.16,pending
PAY01324,132,2024-05-19,1989.16,pending
PAY01325,64,2023-09-20,144.85,completed
PAY01326,188,2024-02-05,582.82,pending
PAY01327,989,2021-03-21,1163.08,pending
PAY01328,410,2021-09-29,1135.28,pending
PAY01329,739,2022-03-12,482.28,completed
PAY01330,198,2024-03-22,418.22,pending
PAY01331,439,2021-06-11,953.6,failed
PAY01332,726,2024-02-14,1691.54,failed
PAY01333,518,2023-07-23,1285.7,completed
PAY01334,441,2023-01-03,265.58,completed
PAY01335,968,2021-06-11,474.41,completed
PAY01336,53,2022-06-19,1380.88,failed
PAY01337,831,2020-09-19,1058.9,pending
PAY01338,411,2023-02-12,281.8,completed
PAY01339,2,2021-12-31,1621.34,pending
PAY01340,60,2022-07-23,824.56,failed
PAY01341,576,2025-02-04,1018.67,completed
PAY01342,576,2021-02-18,1976.82,pending
PAY01343,603,2024-12-14,1820.96,pending
PAY01344,744,2023-01-17,846.16,failed
PAY01345,391,2025-02-25,1105.39,failed
PAY01346,522,2022-12-01,1574.98,pending
PAY01347,213,2022-11-29,1574.34,completed
PAY01348,962,2021-06-02,216.74,pending
PAY01349,152,2022-01-01,764.26,failed
PAY01350,466,2024-02-29,620.39,completed
PAY01351,318,2021-09-25,1653.52,pending
PAY01352,289,2025-04-27,1904.98,pending
PAY01353,509,2024-11-30,933.14,pending
PAY01354,850,2024-09-19,1956.33,failed
PAY01355,222,2023-07-17,1480.81,failed
PAY01356,722,2024-06-07,628.17,completed
PAY01357,981,2020-10-21,1088.25,completed
PAY01358,500,2025-05-23,423.5,pending
PAY01359,538,2025-04-23,963.59,pending
PAY01360,965,2024-04-22,1951.28,completed
PAY01361,661,2022-11-22,1340.22,failed
PAY01362,969,2024-03-31,1924.05,failed
PAY01363,359,2024-02-28,948.15,pending
PAY01364,131,2020-09-28,1770.43,completed
PAY01365,635,2022-07-23,543.77,completed
PAY01366,434,2024-01-16,628.49,pending
PAY01367,351,2024-07-01,1508.73,failed
PAY01368,639,2021-12-04,243.3,failed
PAY01369,549,2021-03-12,617.5,completed
PAY01370,947,2022-02-10,1237.74,completed
PAY01371,344,2021-01-07,64.1,pending
PAY01372,606,2023-12-15,518.47,completed
PAY01373,466,2024-12-30,650.55,pending
PAY01374,758,2025-05-24,1380.03,failed
PAY01375,744,2025-05-10,911.23,pending
PAY01376,934,2022-11-26,438.01,pending
PAY01377,685,2023-04-16,1688.97,pending
PAY01378,82,2024-08-20,1358.92,failed
PAY01379,43,2025-05-07,210.95,completed
PAY01380,991,2020-10-23,1551.67,completed
PAY01381,486,2023-07-21,417.34,pending
PAY01382,465,2020-12-27,1319.15,failed
PAY01383,641,2022-03-18,560.87,completed
PAY01384,486,2022-05-20,1894.02,pending
PAY01385,858,2025-02-22,981.27,failed
PAY01386,373,2023-11-05,415.13,completed
PAY01387,919,2023-02-01,556.91,failed
PAY01388,883,2023-01-17,635.49,failed
PAY01389,551,2023-09-07,447.73,pending
PAY01390,641,2024-07-24,1280.89,completed
PAY01391,418,2023-08-15,497.85,completed
PAY01392,791,2023-03-01,1078.65,failed
PAY01393,174,2024-05-23,777.89,pending
PAY01394,559,2023-07-19,671.45,failed
PAY01395,343,2021-10-08,1722.3,failed
PAY01396,330,2024-11-16,1068.99,completed
PAY01397,71,2021-02-08,1331.15,pending
PAY01398,35,2025-02-25,626.99,completed
PAY01399,282,2024-08-09,934.96,completed
PAY01400,609,2020-11-25,915.71,failed
PAY01401,845,2021-05-01,305.64,completed
PAY01402,418,2021-01-15,651.96,failed
PAY01403,155,2024-02-28,212.58,failed
PAY01404,916,2025-06-17,88.62,failed
PAY01405,568,2020-08-24,1555.31,completed
PAY01406,487,2022-08-10,1540.55,completed
PAY01407,760,2022-01-17,1539.11,completed
PAY01408,850,2023-09-29,766.35,completed
PAY01409,715,2023-02-17,1475.83,pending
PAY01410,119,2023-12-18,82.48,pending
PAY01411,617,2022-08-16,978.49,completed
PAY01412,663,2022-02-15,1330.05,failed
PAY01413,413,2024-04-02,1966.33,failed
PAY01414,618,2023-09-04,81.16,failed
PAY01415,304,2022-03-21,1662.88,pending
PAY01416,631,2024-05-29,536.29,pending
PAY01417,287,2023-04-02,716.08,failed
PAY01418,388,2023-06-04,68.84,completed
PAY01419,326,2021-08-28,707.09,failed
PAY01420,297,2020-10-18,764.4,failed
PAY01421,694,2024-04-19,1217.02,failed
PAY01422,21,2025-03-27,1334.13,failed
PAY01423,133,2021-03-21,712.57,pending
PAY01424,82,2021-10-06,625.98,failed
PAY01425,470,2022-11-26,1763.11,completed
PAY01426,411,2025-06-13,821.3,completed
PAY01427,33,2020-11-05,842.33,pending
PAY01428,19,2021-07-02,195.37,completed
PAY01429,721,2024-10-29,1681.73,pending
PAY01430,801,2020-09-10,859.73,failed
PAY01431,312,2023-10-22,394.31,failed
PAY01432,252,2024-05-09,537.07,pending
PAY01433,293,2025-05-09,1677.18,completed
PAY01434,647,2022-02-08,111.41,completed
PAY01435,853,2021-08-09,1530.08,pending
PAY01436,810,2025-07-20,556.05,completed
PAY01437,444,2020-12-11,1980.21,completed
PAY01438,648,2023-12-23,351.1,failed
PAY01439,44,2022-06-11,1349.97,completed
PAY01440,856,2023-07-08,212.72,failed
PAY01441,40,2021-04-21,55.37,failed
PAY01442,655,2024-01-15,722.24,failed
PAY01443,158,2023-05-13,281.49,completed
PAY01444,403,2024-06-02,884.06,pending
PAY01445,213,2023-11-27,200.49,failed
PAY01446,93,2023-11-26,1184.31,completed
PAY01447,170,2021-09-15,534.36,pending
PAY01448,25,2025-06-17,1604.83,completed
PAY01449,810,2023-12-06,1985.33,pending
PAY01450,117,2024-03-05,1153.54,completed
PAY01451,481,2024-01-21,258.71,pending
PAY01452,654,2020-09-30,1679.73,completed
PAY01453,771,2022-04-15,458.56,failed
PAY01454,68,2021-02-28,474.96,completed
PAY01455,513,2022-04-04,1910.89,completed
PAY01456,143,2024-06-04,307.22,failed
PAY01457,336,2025-02-14,1818.8,failed
PAY01458,408,2023-11-17,1150.32,completed
PAY01459,533,2025-01-06,915.42,failed
PAY01460,319,2021-07-27,558.53,completed
PAY01461,583,2023-10-26,974.26,pending
PAY01462,381,2022-11-24,1887.96,pending
PAY01463,367,2025-01-24,1568.64,failed
PAY01464,107,2023-10-30,1497.67,completed
PAY01465,545,2020-10-28,58.67,failed
PAY01466,376,2021-08-28,285.35,completed
PAY01467,258,2022-09-17,1740.35,pending
PAY01468,472,2025-04-21,1192.19,completed
PAY01469,291,2021-10-11,955.29,completed
PAY01470,14,2024-03-16,1898.52,completed
PAY01471,886,2025-05-13,827.21,completed
PAY01472,84,2023-04-06,62.62,pending
PAY01473,305,2024-02-15,481.72,completed
PAY01474,489,2023-01-28,521.56,pending
PAY01475,476,2020-11-23,1555.83,pending
PAY01476,871,2024-07-08,1308.77,completed
PAY01477,266,2025-05-06,1545.18,failed
PAY01478,525,2021-06-20,1626.92,pending
PAY01479,507,2022-12-29,888.19,pending
PAY01480,77,2023-01-19,999.79,pending
PAY01481,699,2025-03-15,1352.76,failed
PAY01482,959,2020-12-15,1630.63,completed
PAY01483,627,2025-05-23,1349.11,completed
PAY01484,706,2021-07-03,1629.06,pending
PAY01485,347,2022-05-24,1935.45,pending
PAY01486,951,2020-10-02,779.32,failed
PAY01487,397,2021-02-14,1070.55,completed
PAY01488,337,2021-03-07,921.39,pending
PAY01489,94,2022-12-28,1884.46,completed
PAY01490,229,2023-03-18,1869.16,completed
PAY01491,319,2023-06-12,1294.58,failed
PAY01492,343,2021-07-04,371.53,pending
PAY01493,33,2021-11-09,1494.49,failed
PAY01494,792,2022-01-09,493.22,failed
PAY01495,36,2022-12-20,1643.22,completed
PAY01496,128,2025-06-12,990.41,completed
PAY01497,480,2022-07-03,1092.76,completed
PAY01498,470,2023-12-07,828.55,failed
PAY01499,822,2020-09-25,1761.17,failed
PAY01500,988,2024-03-26,555.06,failed
PAY01501,294,2021-04-19,99.94,pending
PAY01502,821,2024-10-08,772.75,completed
PAY01503,211,2025-07-07,1068.04,pending
PAY01504,843,2024-10-06,1176.8,pending
PAY01505,721,2022-01-03,1567.17,completed
PAY01506,810,2021-05-08,1445.92,completed
PAY01507,360,2021-08-30,190.4,completed
PAY01508,582,2024-04-21,1029.92,pending
PAY01509,217,2021-02-04,1708.94,pending
PAY01510,588,2022-03-11,327.7,completed
PAY01511,37,2021-04-11,753.8,failed
PAY01512,599,2021-08-21,1275.01,pending
PAY01513,46,2024-07-29,1412.11,failed
PAY01514,239,2025-06-23,1424.73,completed
PAY01515,586,2024-12-21,1184.54,completed
PAY01516,662,2025-06-11,845.02,failed
PAY01517,449,2024-05-08,1873.88,pending
PAY01518,926,2022-04-21,1320.2,failed
PAY01519,34,2024-12-20,876.91,failed
PAY01520,476,2021-12-17,1906.27,pending
PAY01521,88,2021-12-20,1789.7,completed
PAY01522,904,2022-05-19,1317.4,completed
PAY01523,923,2021-10-10,1138.35,pending
PAY01524,143,2022-07-15,1196.9,completed
PAY01525,40,2025-08-05,1123.35,failed
PAY01526,816,2024-04-11,791.65,failed
PAY01527,372,2025-01-15,1338.78,completed
PAY01528,268,2022-02-05,527.12,pending
PAY01529,600,2023-08-04,134.48,pending
PAY01530,719,2022-03-13,1933.49,pending
PAY01531,359,2022-12-26,657.94,pending
PAY01532,926,2025-04-24,1395.19,pending
PAY01533,564,2020-11-30,483.4,pending
PAY01534,341,2024-03-05,55.13,completed
PAY01535,932,2023-03-15,1738.66,completed
PAY01536,926,2022-05-18,650.2,completed
PAY01537,494,2021-12-16,108.75,failed
PAY01538,459,2022-02-07,576.84,completed
PAY01539,383,2023-11-01,651.12,failed
PAY01540,141,2020-09-04,350.7,pending
PAY01541,923,2021-09-12,1392.84,completed
PAY01542,792,2021-11-27,579.1,failed
PAY01543,104,2022-01-26,1697.37,pending
PAY01544,21,2024-05-11,1431.0,pending
PAY01545,542,2024-03-28,1815.42,failed
PAY01546,280,2023-07-19,857.46,completed
PAY01547,275,2025-03-02,547.77,failed
PAY01548,306,2024-11-27,1942.53,completed
PAY01549,920,2023-08-15,1436.83,failed
PAY01550,290,2022-06-05,388.57,pending
PAY01551,52,2021-08-02,618.65,failed
PAY01552,831,2023-07-09,358.07,failed
PAY01553,685,2022-12-13,164.75,failed
PAY01554,791,2025-01-31,376.95,pending
PAY01555,665,2024-01-26,75.69,completed
PAY01556,628,2025-02-02,1847.05,pending
PAY01557,450,2022-04-16,802.74,pending
PAY01558,288,2025-08-07,1944.47,failed
PAY01559,911,2021-11-17,93.64,pending
PAY01560,684,2022-06-13,1595.43,pending
PAY01561,534,2021-09-27,1664.97,pending
PAY01562,324,2021-10-18,687.52,failed
PAY01563,486,2025-01-30,1779.76,pending
PAY01564,434,2022-01-17,1588.04,pending
PAY01565,396,2022-11-20,1753.09,completed
PAY01566,466,2023-04-24,1899.15,failed
PAY01567,864,2024-09-14,258.36,pending
PAY01568,326,2020-10-22,1937.58,pending
PAY01569,373,2024-04-28,1304.01,completed
PAY01570,938,2023-03-11,694.76,failed
PAY01571,672,2020-08-28,1213.43,failed
PAY01572,759,2023-11-25,775.14,failed
PAY01573,14,2023-03-08,633.11,completed
PAY01574,20,2025-04-25,1161.96,completed
PAY01575,407,2024-02-23,318.43,completed
PAY01576,682,2021-01-18,1632.7,pending
PAY01577,840,2022-11-24,1155.47,pending
PAY01578,106,2021-09-10,296.43,pending
PAY01579,31,2025-01-16,1575.74,completed
PAY01580,149,2021-04-26,1979.8,failed
PAY01581,558,2022-01-14,1640.93,failed
PAY01582,561,2021-02-28,1378.89,pending
PAY01583,897,2023-05-21,1429.04,failed
PAY01584,318,2023-03-31,1727.02,completed
PAY01585,37,2023-11-08,334.65,failed
PAY01586,122,2021-04-04,810.62,failed
PAY01587,352,2024-06-16,757.18,failed
PAY01588,528,2024-05-16,1346.27,pending
PAY01589,727,2022-05-26,1961.47,pending
PAY01590,808,2021-01-09,1441.15,pending
PAY01591,761,2024-06-02,978.7,failed
PAY01592,190,2025-08-04,92.01,failed
PAY01593,481,2022-08-01,1673.9,failed
PAY01594,825,2023-12-23,1502.73,completed
PAY01595,483,2022-07-29,1818.97,failed
PAY01596,231,2023-04-09,1302.06,pending
PAY01597,822,2024-03-12,1770.31,pending
PAY01598,942,2022-05-30,1339.8,pending
PAY01599,4,2021-10-13,768.87,pending
PAY01600,172,2025-02-01,1410.58,pending
PAY01601,278,2025-03-01,1827.43,failed
PAY01602,784,2025-03-08,68.55,pending
PAY01603,617,2025-03-10,1830.06,completed
PAY01604,56,2021-09-27,1996.11,pending
PAY01605,753,2023-12-07,1980.16,completed
PAY01606,968,2021-07-18,606.11,completed
PAY01607,972,2023-12-08,360.23,failed
PAY01608,314,2020-12-15,202.37,failed
PAY01609,208,2021-10-24,90.9,pending
PAY01610,887,2021-03-09,1533.36,failed
PAY01611,462,2025-04-25,175.8,pending
PAY01612,282,2021-04-30,1784.78,failed
PAY01613,724,2022-10-22,1198.24,completed
PAY01614,417,2022-06-30,246.75,failed
PAY01615,147,2021-07-29,1989.34,pending
PAY01616,613,2021-12-06,1292.59,failed
PAY01617,739,2024-04-16,1845.35,failed
PAY01618,50,2024-03-03,597.74,completed
PAY01619,604,2025-08-05,705.24,pending
PAY01620,853,2024-01-05,863.05,completed
PAY01621,157,2020-12-16,1624.47,failed
PAY01622,644,2023-09-16,216.47,completed
PAY01623,75,2021-03-17,529.27,failed
PAY01624,273,2024-07-08,132.78,completed
PAY01625,232,2023-05-31,1211.05,pending
PAY01626,362,2021-05-11,1235.4,pending
PAY01627,982,2021-02-28,1428.28,failed
PAY01628,971,2024-08-04,1893.63,failed
PAY01629,975,2021-11-28,1372.41,pending
PAY01630,733,2025-08-08,1230.38,pending
PAY01631,323,2020-12-16,567.66,completed
PAY01632,55,2021-07-05,1259.74,failed
PAY01633,622,2023-04-06,522.17,pending
PAY01634,473,2023-10-23,314.78,failed
PAY01635,404,2024-10-22,1339.91,failed
PAY01636,53,2021-09-25,1163.6,failed
PAY01637,21,2024-06-26,463.02,pending
PAY01638,902,2024-05-02,1138.66,pending
PAY01639,966,2023-07-14,925.14,failed
PAY01640,956,2022-02-28,58.37,failed
PAY01641,615,2020-09-09,1498.58,pending
PAY01642,214,2023-08-15,939.77,failed
PAY01643,837,2022-02-23,1004.0,failed
PAY01644,519,2022-05-16,818.65,completed
PAY01645,56,2021-09-04,1552.61,pending
PAY01646,301,2021-01-17,1380.5,failed
PAY01647,901,2022-08-23,1025.93,completed
PAY01648,523,2023-03-18,657.45,completed
PAY01649,528,2023-12-02,879.22,failed
PAY01650,391,2024-01-08,808.33,completed
PAY01651,410,2023-02-04,1889.73,pending
PAY01652,463,2022-05-24,1480.71,failed
PAY01653,692,2021-10-22,997.81,pending
PAY01654,874,2023-04-29,660.99,pending
PAY01655,410,2020-10-21,1143.28,completed
PAY01656,140,2021-08-28,1620.7,completed
PAY01657,182,2022-02-09,1984.88,pending
PAY01658,748,2021-12-06,242.3,failed
PAY01659,90,2021-07-21,1814.83,failed
PAY01660,640,2023-05-05,1393.84,completed
PAY01661,718,2022-04-09,1064.98,pending
PAY01662,629,2020-12-12,1447.32,pending
PAY01663,660,2024-05-15,1897.0,pending
PAY01664,202,2022-06-12,593.54,pending
PAY01665,492,2022-01-02,911.39,completed
PAY01666,752,2024-01-17,1149.62,pending
PAY01667,544,2023-07-02,1767.07,completed
PAY01668,567,2021-09-10,777.38,completed
PAY01669,813,2024-08-22,954.79,completed
PAY01670,434,2022-10-13,748.64,failed
PAY01671,63,2022-05-25,1858.13,pending
PAY01672,576,2023-08-21,1187.48,completed
PAY01673,445,2023-10-28,1517.09,failed
PAY01674,421,2020-11-06,502.47,completed
PAY01675,650,2024-07-13,1704.81,completed
PAY01676,856,2023-09-05,605.4,failed
PAY01677,719,2021-10-28,1840.75,failed
PAY01678,31,2025-04-26,1107.82,failed
PAY01679,49,2021-08-17,889.09,pending
PAY01680,784,2021-07-06,139.74,completed
PAY01681,268,2024-03-21,1553.21,completed
PAY01682,267,2025-03-21,1280.49,pending
PAY01683,563,2023-04-07,70.84,pending
PAY01684,437,2024-06-13,469.01,pending
PAY01685,69,2020-12-28,1679.97,completed
PAY01686,161,2020-09-27,1024.79,failed
PAY01687,97,2022-05-11,1441.64,failed
PAY01688,129,2020-09-25,1769.7,completed
PAY01689,715,2023-10-31,62.4,completed
PAY01690,248,2025-04-11,1517.81,pending
PAY01691,486,2025-01-24,378.3,pending
PAY01692,93,2020-08-17,576.66,pending
PAY01693,136,2021-07-15,334.57,pending
PAY01694,420,2022-09-09,992.89,pending
PAY01695,541,2022-07-07,1853.47,failed
PAY01696,575,2023-06-30,255.61,failed
PAY01697,1,2023-10-14,1517.36,failed
PAY01698,111,2023-05-31,1063.19,pending
PAY01699,761,2023-06-07,764.21,completed
PAY01700,744,2024-03-23,217.48,pending
PAY01701,693,2024-03-02,498.73,pending
PAY01702,144,2021-05-05,124.94,completed
PAY01703,467,2025-01-25,1609.63,failed
PAY01704,153,2022-01-24,792.97,failed
PAY01705,778,2022-01-28,1103.33,failed
PAY01706,363,2024-05-24,1085.61,completed
PAY01707,818,2021-12-09,683.83,failed
PAY01708,578,2021-05-13,178.56,pending
PAY01709,672,2022-01-03,878.04,pending
PAY01710,26,2023-11-19,1927.9,pending
PAY01711,181,2024-11-17,564.89,completed
PAY01712,563,2025-05-28,543.63,failed
PAY01713,861,2024-04-10,1797.55,completed
PAY01714,768,2021-02-13,163.89,failed
PAY01715,150,2021-10-09,1074.84,pending
PAY01716,466,2021-12-20,1103.79,pending
PAY01717,119,2023-03-24,603.04,pending
PAY01718,246,2023-08-06,459.9,completed
PAY01719,920,2022-09-13,1281.19,completed
PAY01720,589,2023-11-15,1641.07,completed
PAY01721,368,2024-05-16,581.6,pending
PAY01722,300,2024-01-10,1347.81,completed
PAY01723,902,2024-05-18,1364.88,pending
PAY01724,855,2024-07-28,375.68,failed
PAY01725,870,2021-01-18,1067.56,failed
PAY01726,719,2023-01-15,406.95,completed
PAY01727,654,2022-12-18,431.93,failed
PAY01728,695,2023-11-16,545.27,pending
PAY01729,813,2022-12-02,1079.45,completed
PAY01730,904,2021-12-06,655.79,failed
PAY01731,488,2023-04-20,856.82,failed
PAY01732,290,2022-01-20,449.14,failed
PAY01733,330,2021-06-17,1048.93,pending
PAY01734,303,2021-08-09,263.95,completed
PAY01735,129,2020-11-04,1146.97,failed
PAY01736,635,2024-11-16,588.37,pending
PAY01737,878,2023-01-16,1548.31,failed
PAY01738,998,2021-12-09,1188.09,pending
PAY01739,91,2022-09-15,54.61,completed
PAY01740,656,2023-10-02,1555.28,failed
PAY01741,962,2024-06-18,1636.48,failed
PAY01742,320,2023-01-08,1003.13,pending
PAY01743,959,2023-06-06,990.69,failed
PAY01744,842,2022-09-29,1012.95,completed
PAY01745,54,2025-05-05,1068.84,failed
PAY01746,562,2020-09-09,1557.73,failed
PAY01747,772,2025-05-30,514.27,pending
PAY01748,636,2022-05-23,462.93,completed
PAY01749,961,2023-12-24,1801.68,failed
PAY01750,161,2021-07-12,1555.56,completed
PAY01751,589,2021-08-22,668.5,failed
PAY01752,21,2021-10-24,930.36,pending
PAY01753,251,2022-08-26,426.83,completed
PAY01754,984,2025-04-26,1944.27,completed
PAY01755,462,2024-10-05,1144.16,failed
PAY01756,543,2024-11-14,509.01,failed
PAY01757,620,2022-04-03,821.16,pending
PAY01758,348,2021-01-12,58.91,pending
PAY01759,823,2021-11-27,1290.08,completed
PAY01760,756,2025-06-05,503.65,failed
PAY01761,116,2024-11-10,466.24,failed
PAY01762,247,2024-10-21,1921.01,pending
PAY01763,151,2025-03-06,988.14,failed
PAY01764,709,2023-06-27,453.61,completed
PAY01765,926,2021-04-30,1916.88,pending
PAY01766,202,2024-04-03,573.24,failed
PAY01767,570,2022-12-21,1141.43,pending
PAY01768,725,2025-04-11,1354.1,failed
PAY01769,459,2023-01-31,377.04,pending
PAY01770,180,2024-02-20,525.41,completed
PAY01771,129,2023-05-14,1016.15,pending
PAY01772,733,2024-07-18,694.48,pending
PAY01773,884,2022-03-07,1484.75,completed
PAY01774,390,2023-09-30,361.43,completed
PAY01775,994,2021-09-20,254.63,failed
PAY01776,490,2024-07-05,487.56,pending
PAY01777,807,2023-06-18,78.3,completed
PAY01778,641,2023-08-01,798.36,failed
PAY01779,560,2024-12-31,116.36,pending
PAY01780,784,2021-11-20,89.32,completed
PAY01781,686,2023-12-23,1737.64,completed
PAY01782,374,2024-03-27,1508.94,failed
PAY01783,514,2024-05-10,1467.26,completed
PAY01784,664,2023-02-20,919.26,failed
PAY01785,733,2024-09-08,397.31,failed
PAY01786,547,2023-09-11,1541.52,failed
PAY01787,173,2023-09-06,1069.41,failed
PAY01788,782,2023-10-28,1487.0,failed
PAY01789,867,2021-08-23,1038.78,completed
PAY01790,613,2021-03-22,112.72,completed
PAY01791,45,2024-07-29,1204.84,completed
PAY01792,460,2021-09-22,265.76,pending
PAY01793,368,2021-06-30,332.42,pending
PAY01794,167,2022-08-29,598.97,failed
PAY01795,788,2021-06-02,1244.06,completed
PAY01796,869,2022-05-13,1579.8,failed
PAY01797,220,2023-03-19,284.46,failed
PAY01798,675,2025-01-01,1416.45,failed
PAY01799,410,2022-11-18,573.05,failed
PAY01800,721,2022-11-04,1885.79,completed
PAY01801,223,2022-01-05,233.81,failed
PAY01802,621,2020-12-06,619.55,failed
PAY01803,504,2021-05-15,1177.46,pending
PAY01804,618,2023-10-07,1104.29,failed
PAY01805,995,2024-08-16,431.84,completed
PAY01806,265,2022-12-25,1115.9,completed
PAY01807,92,2021-10-24,996.31,failed
PAY01808,17,2022-04-21,926.73,pending
PAY01809,378,2023-06-10,1107.12,failed
PAY01810,170,2021-03-15,1672.15,failed
PAY01811,818,2024-08-18,610.28,completed
PAY01812,425,2024-08-01,1226.16,pending
PAY01813,892,2024-03-15,1336.93,failed
PAY01814,82,2020-11-29,382.61,pending
PAY01815,571,2024-04-02,1759.32,pending
PAY01816,30,2021-06-09,1069.27,pending
PAY01817,921,2021-08-23,1103.56,pending
PAY01818,645,2023-04-06,1864.68,completed
PAY01819,58,2021-01-01,1707.52,pending
PAY01820,607,2023-03-13,389.27,failed
PAY01821,509,2022-10-20,94.78,failed
PAY01822,455,2022-09-12,971.21,completed
PAY01823,196,2020-09-05,1178.69,completed
PAY01824,252,2022-01-16,271.98,failed
PAY01825,73,2024-09-19,1634.17,pending
PAY01826,734,2021-09-14,407.59,pending
PAY01827,34,2023-08-15,1355.91,failed
PAY01828,695,2021-03-11,739.61,failed
PAY01829,128,2024-07-31,1119.84,pending
PAY01830,342,2022-05-13,1212.59,completed
PAY01831,86,2024-07-02,1889.83,completed
PAY01832,289,2021-03-08,1596.31,pending
PAY01833,352,2023-01-15,275.21,pending
PAY01834,341,2025-05-08,514.29,completed
PAY01835,868,2024-10-25,333.95,completed
PAY01836,235,2023-10-20,655.61,completed
PAY01837,350,2024-11-04,1316.08,failed
PAY01838,27,2024-05-18,1143.07,failed
PAY01839,509,2021-09-11,497.36,completed
PAY01840,2,2025-08-07,1747.18,failed
PAY01841,79,2021-03-13,114.83,pending
PAY01842,305,2024-11-16,1431.75,completed
PAY01843,791,2021-09-12,714.05,failed
PAY01844,433,2023-08-27,380.02,pending
PAY01845,750,2025-04-01,1202.97,failed
PAY01846,61,2021-01-27,1623.52,completed
PAY01847,543,2022-12-19,581.35,pending
PAY01848,204,2025-07-15,1370.49,completed
PAY01849,49,2022-11-09,154.56,completed
PAY01850,30,2023-05-31,1998.61,completed
PAY01851,274,2021-09-02,1718.29,pending
PAY01852,810,2024-07-09,937.15,completed
PAY01853,226,2021-11-14,747.37,pending
PAY01854,839,2023-10-26,537.28,failed
PAY01855,642,2022-07-06,597.74,failed
PAY01856,691,2022-06-20,1115.89,completed
PAY01857,60,2024-11-04,1616.1,completed
PAY01858,975,2023-12-23,1746.2,failed
PAY01859,691,2024-05-16,526.25,completed
PAY01860,395,2023-07-04,1333.41,failed
PAY01861,112,2023-04-08,1120.25,pending
PAY01862,937,2023-04-02,1444.13,completed
PAY01863,782,2023-03-12,472.73,failed
PAY01864,399,2022-06-15,1276.78,pending
PAY01865,942,2023-04-05,914.47,failed
PAY01866,742,2021-04-22,1330.89,completed
PAY01867,373,2025-06-22,137.13,failed
PAY01868,54,2022-01-28,885.13,completed
PAY01869,299,2025-01-04,481.63,pending
PAY01870,564,2020-12-20,648.3,failed
PAY01871,683,2022-11-24,1362.87,failed
PAY01872,347,2024-10-28,503.66,pending
PAY01873,716,2025-05-08,786.37,completed
PAY01874,402,2025-06-02,1401.28,completed
PAY01875,782,2022-06-30,1275.62,completed
PAY01876,947,2022-11-09,613.69,completed
PAY01877,21,2023-03-25,914.28,completed
PAY01878,688,2024-02-21,1661.38,pending
PAY01879,828,2022-05-21,196.44,pending
PAY01880,713,2025-06-19,929.36,completed
PAY01881,848,2021-07-29,1786.58,completed
PAY01882,143,2022-02-01,1207.0,pending
PAY01883,350,2025-04-10,1420.93,completed
PAY01884,779,2020-08-21,1693.22,completed
PAY01885,746,2021-02-22,1974.05,pending
PAY01886,399,2022-09-11,1006.8,pending
PAY01887,757,2023-06-28,1382.43,failed
PAY01888,98,2020-10-17,1907.67,failed
PAY01889,886,2023-12-17,1189.27,completed
PAY01890,362,2023-08-18,424.19,pending
PAY01891,305,2022-09-24,1927.28,failed
PAY01892,444,2024-06-04,1457.03,failed
PAY01893,986,2024-06-22,685.63,completed
PAY01894,343,2023-09-18,1040.4,failed
PAY01895,957,2025-05-25,436.13,pending
PAY01896,519,2025-03-21,449.69,failed
PAY01897,109,2021-04-15,544.24,pending
PAY01898,280,2023-07-21,629.09,pending
PAY01899,783,2021-04-20,406.38,completed
PAY01900,483,2022-03-22,1443.54,pending
PAY01901,144,2021-08-20,203.65,completed
PAY01902,311,2020-11-15,140.77,failed
PAY01903,249,2023-04-19,1539.95,failed
PAY01904,281,2025-05-04,73.86,failed
PAY01905,890,2020-10-29,473.57,pending
PAY01906,948,2020-12-20,1759.26,completed
PAY01907,382,2023-12-25,126.68,completed
PAY01908,853,2024-11-16,1151.7,pending
PAY01909,956,2022-03-09,1300.13,failed
PAY01910,160,2025-02-26,1959.16,completed
PAY01911,822,2021-03-30,1979.33,failed
PAY01912,245,2021-01-26,743.46,pending
PAY01913,673,2022-10-18,1384.63,failed
PAY01914,18,2021-05-19,1267.5,failed
PAY01915,424,2024-10-09,1468.31,pending
PAY01916,270,2022-03-22,1356.79,failed
PAY01917,90,2021-04-15,719.35,completed
PAY01918,966,2022-09-23,932.99,completed
PAY01919,385,2024-02-04,1895.93,failed
PAY01920,469,2021-03-01,1352.89,pending
PAY01921,64,2021-01-02,1112.05,completed
PAY01922,989,2023-07-18,1831.86,completed
PAY01923,778,2020-08-30,895.5,pending
PAY01924,394,2022-10-16,1045.35,completed
PAY01925,681,2021-05-31,520.82,pending
PAY01926,175,2024-08-17,1384.04,completed
PAY01927,231,2022-04-03,1768.55,failed
PAY01928,160,2021-10-30,1532.03,failed
PAY01929,19,2024-10-01,1340.69,failed
PAY01930,972,2025-07-28,1436.95,completed
PAY01931,394,2023-04-02,256.92,pending
PAY01932,837,2024-06-03,1994.59,completed
PAY01933,574,2022-04-15,159.83,failed
PAY01934,797,2022-05-05,1707.97,pending
PAY01935,814,2022-02-08,1784.28,completed
PAY01936,874,2022-10-13,1270.73,pending
PAY01937,551,2024-10-06,1697.55,failed
PAY01938,924,2023-10-11,90.73,pending
PAY01939,651,2025-05-08,852.81,failed
PAY01940,357,2023-08-13,1522.08,completed
PAY01941,534,2020-09-23,780.0,pending
PAY01942,958,2024-10-14,854.56,failed
PAY01943,966,2021-12-13,1609.57,pending
PAY01944,460,2021-04-10,1522.66,pending
PAY01945,738,2024-12-29,1489.63,completed
PAY01946,497,2020-10-13,1698.38,pending
PAY01947,987,2023-06-18,1851.18,completed
PAY01948,600,2022-08-12,516.72,pending
PAY01949,636,2021-12-18,1336.03,pending
PAY01950,162,2021-09-17,1956.83,completed
PAY01951,647,2021-06-30,1093.65,completed
PAY01952,350,2024-08-23,1729.75,completed
PAY01953,522,2024-10-25,871.07,failed
PAY01954,161,2021-01-22,1753.72,completed
PAY01955,718,2021-09-21,487.88,failed
PAY01956,202,2021-04-15,1127.55,completed
PAY01957,236,2021-05-02,564.36,failed
PAY01958,571,2021-10-04,1941.42,failed
PAY01959,361,2023-01-08,1738.8,pending
PAY01960,302,2025-07-08,1915.65,failed
PAY01961,49,2024-01-08,1358.02,completed
PAY01962,318,2025-06-26,1187.88,pending
PAY01963,194,2022-06-17,274.28,pending
PAY01964,891,2021-04-06,1279.65,completed
PAY01965,738,2023-04-30,1856.39,failed
PAY01966,365,2022-03-10,1102.87,failed
PAY01967,328,2023-03-19,1927.18,failed
PAY01968,822,2022-12-25,368.94,pending
PAY01969,481,2022-06-09,442.48,pending
PAY01970,569,2022-07-21,478.02,pending
PAY01971,134,2020-12-16,694.28,pending
PAY01972,705,2024-09-04,588.25,failed
PAY01973,143,2022-08-01,1301.1,pending
PAY01974,818,2023-01-24,1339.45,pending
PAY01975,479,2024-11-24,583.34,failed
PAY01976,161,2023-10-26,1582.38,completed
PAY01977,409,2021-01-01,1558.18,pending
PAY01978,28,2021-05-04,1137.26,failed
PAY01979,242,2025-07-24,278.81,pending
PAY01980,539,2022-05-07,1048.5,completed
PAY01981,500,2025-03-16,1569.07,completed
PAY01982,388,2022-09-03,1150.25,pending
PAY01983,378,2024-06-08,676.77,pending
PAY01984,682,2022-02-15,594.53,pending
PAY01985,369,2023-01-03,91.39,pending
PAY01986,442,2021-02-09,1832.44,pending
PAY01987,455,2022-10-19,1856.4,failed
PAY01988,929,2024-05-31,270.22,pending
PAY01989,721,2023-06-06,886.45,completed
PAY01990,912,2022-06-19,317.85,completed
PAY01991,497,2025-08-03,1430.82,pending
PAY01992,385,2024-09-22,1942.3,completed
PAY01993,295,2020-10-05,1913.21,failed
PAY01994,881,2020-08-18,1438.2,completed
PAY01995,801,2022-08-02,1714.08,completed
PAY01996,943,2022-08-08,1455.43,completed
PAY01997,892,2024-11-29,747.54,completed
PAY01998,699,2022-10-07,409.71,failed
PAY01999,274,2024-02-20,724.28,pending
PAY02000,872,2023-10-12,580.27,completed
PAY02001,531,2022-02-09,55.55,pending
PAY02002,817,2023-05-06,1537.27,pending
PAY02003,863,2025-05-18,1852.58,failed
PAY02004,996,2021-06-11,328.02,completed
PAY02005,164,2024-05-13,369.48,failed
PAY02006,996,2021-07-21,1890.72,completed
PAY02007,851,2022-10-02,1514.29,pending
PAY02008,595,2021-03-24,326.67,completed
PAY02009,62,2022-11-13,372.17,completed
PAY02010,570,2021-09-29,768.2,pending
PAY02011,600,2021-06-11,1595.92,failed
PAY02012,950,2022-05-29,357.17,completed
PAY02013,743,2024-05-14,1548.89,pending
PAY02014,577,2022-03-27,259.93,failed
PAY02015,688,2021-04-27,960.12,completed
PAY02016,967,2022-04-26,271.68,failed
PAY02017,720,2021-08-16,1024.12,failed
PAY02018,9,2025-03-09,223.62,pending
PAY02019,851,2022-09-30,997.46,completed
PAY02020,178,2024-10-03,888.77,failed
PAY02021,98,2022-12-11,342.38,failed
PAY02022,706,2025-08-04,1282.64,pending
PAY02023,879,2023-10-20,895.65,completed
PAY02024,919,2023-04-25,68.3,failed
PAY02025,109,2024-02-18,777.11,completed
PAY02026,598,2024-09-06,1476.57,completed
PAY02027,321,2022-07-16,1210.07,pending
PAY02028,66,2023-06-21,1947.94,completed
PAY02029,510,2020-08-24,1352.89,completed
PAY02030,516,2020-11-01,1802.44,completed
PAY02031,620,2024-04-28,1322.72,failed
PAY02032,316,2022-09-19,433.28,failed
PAY02033,979,2022-09-11,1866.14,failed
PAY02034,517,2021-09-06,1474.88,completed
PAY02035,422,2025-05-15,629.16,completed
PAY02036,858,2024-12-30,985.5,failed
PAY02037,324,2022-03-21,137.33,failed
PAY02038,585,2022-04-10,1725.35,failed
PAY02039,202,2021-06-11,1698.54,pending
PAY02040,724,2020-08-31,432.48,completed
PAY02041,974,2023-02-14,1542.5,failed
PAY02042,473,2020-11-07,574.05,failed
PAY02043,518,2022-02-25,1688.42,pending
PAY02044,630,2024-09-26,740.07,failed
PAY02045,341,2020-11-21,1725.1,pending
PAY02046,21,2025-05-04,722.54,completed
PAY02047,452,2025-06-28,1389.14,failed
PAY02048,310,2021-01-25,1442.73,failed
PAY02049,838,2024-08-05,1373.84,failed
PAY02050,854,2020-11-05,1979.97,completed
PAY02051,370,2021-10-13,1881.83,pending
PAY02052,375,2022-01-19,1776.9,failed
PAY02053,778,2021-05-21,1944.59,completed
PAY02054,247,2020-09-12,1141.86,pending
PAY02055,887,2023-08-21,172.01,pending
PAY02056,552,2024-07-28,59.46,pending
PAY02057,880,2024-03-14,1882.68,failed
PAY02058,285,2022-10-23,958.08,failed
PAY02059,623,2022-06-14,814.82,pending
PAY02060,918,2025-06-28,1361.1,completed
PAY02061,505,2025-08-07,1799.33,pending
PAY02062,354,2023-07-12,351.33,completed
PAY02063,483,2025-05-04,1160.82,completed
PAY02064,563,2021-06-19,1661.64,failed
PAY02065,37,2023-07-31,341.43,pending
PAY02066,101,2024-06-16,1209.48,pending
PAY02067,122,2024-10-10,1834.69,failed
PAY02068,50,2025-05-25,703.84,completed
PAY02069,596,2021-06-04,177.9,failed
PAY02070,439,2022-04-17,1491.86,completed
PAY02071,952,2023-08-06,1462.41,failed
PAY02072,362,2022-05-08,648.28,failed
PAY02073,894,2024-02-29,477.05,failed
PAY02074,792,2022-09-24,1472.89,completed
PAY02075,404,2023-03-25,536.98,completed
PAY02076,989,2021-03-13,1275.42,failed
PAY02077,452,2021-07-27,1071.88,failed
PAY02078,208,2022-09-28,1994.69,failed
PAY02079,708,2024-01-19,867.81,failed
PAY02080,180,2021-10-23,962.97,completed
PAY02081,339,2021-05-14,1255.57,pending
PAY02082,301,2022-01-16,1734.32,pending
PAY02083,23,2025-04-03,1492.53,completed
PAY02084,233,2025-02-16,1245.9,pending
PAY02085,37,2021-08-05,539.31,completed
PAY02086,62,2021-10-13,1018.77,failed
PAY02087,963,2023-04-24,410.53,failed
PAY02088,925,2024-04-05,1456.02,failed
PAY02089,282,2021-10-11,1849.69,completed
PAY02090,517,2020-11-10,1198.67,failed
PAY02091,215,2025-06-05,1387.15,completed
PAY02092,322,2025-02-07,1380.45,pending
PAY02093,440,2020-11-15,1307.44,failed
PAY02094,338,2024-09-27,650.85,pending
PAY02095,980,2020-09-30,1598.08,pending
PAY02096,482,2022-10-15,740.21,pending
PAY02097,888,2021-02-25,655.31,completed
PAY02098,417,2024-10-28,1426.85,failed
PAY02099,130,2023-06-07,1637.06,failed
PAY02100,996,2020-12-30,109.71,failed
PAY02101,882,2021-09-03,674.95,pending
PAY02102,86,2023-06-04,1127.23,pending
PAY02103,601,2025-06-03,1642.71,failed
PAY02104,334,2023-12-07,324.1,completed
PAY02105,316,2022-12-13,496.91,completed
PAY02106,576,2023-10-21,449.57,failed
PAY02107,373,2023-12-30,662.35,completed
PAY02108,658,2020-11-06,545.37,pending
PAY02109,560,2021-10-02,1751.16,completed
PAY02110,754,2022-07-22,1021.74,failed
PAY02111,583,2020-08-25,1275.11,pending
PAY02112,612,2021-08-22,692.88,failed
PAY02113,388,2023-05-22,1465.4,pending
PAY02114,976,2025-04-18,363.73,failed
PAY02115,784,2021-09-25,949.47,pending
PAY02116,342,2023-10-05,68.93,pending
PAY02117,703,2022-04-30,1150.51,pending
PAY02118,804,2021-03-14,162.83,failed
PAY02119,782,2023-08-07,390.06,pending
PAY02120,508,2021-01-30,544.66,completed
PAY02121,143,2025-03-10,1479.07,failed
PAY02122,745,2023-05-13,1012.06,completed
PAY02123,805,2020-12-07,734.78,failed
PAY02124,330,2024-06-16,1438.7,pending
PAY02125,808,2023-01-12,598.72,failed
PAY02126,735,2025-06-19,388.91,pending
PAY02127,266,2024-03-31,267.96,completed
PAY02128,8,2021-01-04,573.24,failed
PAY02129,568,2021-02-20,1706.97,completed
PAY02130,821,2022-03-01,1942.34,completed
PAY02131,526,2021-09-06,1170.2,failed
PAY02132,892,2023-01-17,1855.01,completed
PAY02133,178,2025-01-25,1273.17,failed
PAY02134,432,2022-01-17,1760.53,completed
PAY02135,184,2021-07-14,299.4,pending
PAY02136,622,2024-11-09,301.25,pending
PAY02137,405,2021-04-16,995.18,failed
PAY02138,588,2021-07-23,292.86,completed
PAY02139,177,2022-11-08,1460.24,failed
PAY02140,332,2025-06-02,1917.02,completed
PAY02141,608,2020-09-01,1537.88,failed
PAY02142,616,2025-06-13,1287.42,pending
PAY02143,140,2025-04-02,1251.92,failed
PAY02144,183,2022-04-03,1773.52,completed
PAY02145,53,2020-12-19,1786.39,completed
PAY02146,325,2025-05-14,1369.46,pending
PAY02147,122,2021-03-03,508.13,completed
PAY02148,639,2023-01-01,1234.87,completed
PAY02149,285,2025-08-04,976.27,failed
PAY02150,459,2021-06-07,819.47,pending
PAY02151,444,2022-04-19,1036.87,failed
PAY02152,49,2024-12-28,547.77,completed
PAY02153,278,2022-12-25,1550.12,pending
PAY02154,437,2022-11-08,871.17,pending
PAY02155,94,2025-01-22,1643.91,failed
PAY02156,698,2023-11-30,1330.01,pending
PAY02157,203,2024-12-04,181.08,failed
PAY02158,224,2022-08-10,139.38,completed
PAY02159,107,2023-03-31,621.08,failed
PAY02160,457,2023-12-21,1489.3,pending
PAY02161,361,2024-03-18,440.49,pending
PAY02162,512,2024-05-26,1507.72,completed
PAY02163,346,2021-07-04,1076.51,completed
PAY02164,4,2021-02-22,1845.46,failed
PAY02165,388,2021-12-31,525.59,completed
PAY02166,678,2021-08-21,775.38,pending
PAY02167,168,2025-07-21,1741.09,failed
PAY02168,113,2025-05-23,1980.41,failed
PAY02169,731,2023-07-15,608.22,failed
PAY02170,827,2020-12-31,1476.33,failed
PAY02171,892,2024-01-09,203.39,failed
PAY02172,676,2024-01-08,1905.07,failed
PAY02173,591,2024-01-31,866.71,pending
PAY02174,742,2023-07-01,874.85,pending
PAY02175,397,2024-01-11,671.7,failed
PAY02176,859,2023-02-28,57.47,completed
PAY02177,371,2021-12-26,1467.12,completed
PAY02178,300,2023-03-01,1042.48,failed
PAY02179,231,2020-12-03,694.67,pending
PAY02180,578,2024-09-12,1214.11,failed
PAY02181,393,2023-12-29,181.51,failed
PAY02182,59,2021-10-06,90.15,failed
PAY02183,825,2022-04-18,1700.76,completed
PAY02184,90,2021-04-06,1061.05,failed
PAY02185,728,2023-09-13,1761.92,completed
PAY02186,875,2024-12-10,1645.5,failed
PAY02187,679,2023-09-13,1756.68,pending
PAY02188,123,2024-10-16,913.69,failed
PAY02189,289,2021-09-10,1293.24,pending
PAY02190,199,2021-12-16,360.65,failed
PAY02191,97,2025-07-08,1101.79,pending
PAY02192,406,2024-01-19,935.02,pending
PAY02193,371,2023-07-19,482.0,failed
PAY02194,380,2025-04-21,396.36,pending
PAY02195,43,2025-02-20,1097.61,failed
PAY02196,796,2024-10-05,368.75,pending
PAY02197,291,2022-01-23,410.78,pending
PAY02198,459,2020-09-22,1513.14,failed
PAY02199,224,2023-12-02,1073.49,failed
PAY02200,312,2022-10-22,1284.5,failed
PAY02201,520,2022-06-27,1356.27,pending
PAY02202,935,2021-04-13,771.18,failed
PAY02203,629,2021-08-05,81.82,pending
PAY02204,576,2021-03-17,1982.39,pending
PAY02205,481,2021-09-04,708.47,completed
PAY02206,802,2024-01-03,1847.99,failed
PAY02207,675,2023-08-17,1348.76,pending
PAY02208,136,2022-01-01,1685.34,completed
PAY02209,268,2021-07-22,788.81,pending
PAY02210,847,2022-07-04,407.27,completed
PAY02211,984,2021-02-13,193.75,completed
PAY02212,891,2020-11-27,555.17,failed
PAY02213,133,2020-12-22,667.12,completed
PAY02214,342,2021-01-28,1465.91,failed
PAY02215,530,2025-01-01,1480.85,pending
PAY02216,401,2024-03-26,131.87,failed
PAY02217,787,2023-06-06,1813.99,pending
PAY02218,237,2022-12-27,668.49,completed
PAY02219,51,2021-09-23,637.11,failed
PAY02220,205,2022-07-10,562.52,failed
PAY02221,336,2025-07-13,346.23,failed
PAY02222,469,2024-10-27,325.65,failed
PAY02223,125,2021-04-16,956.45,failed
PAY02224,481,2025-02-04,1301.57,failed
PAY02225,20,2023-07-01,1348.92,pending
PAY02226,954,2022-01-21,1836.65,failed
PAY02227,202,2021-09-06,62.04,pending
PAY02228,250,2022-08-10,303.93,completed
PAY02229,779,2025-01-01,848.46,pending
PAY02230,375,2022-08-27,1566.42,completed
PAY02231,10,2022-05-09,1853.46,failed
PAY02232,525,2023-03-09,762.78,pending
PAY02233,636,2022-06-25,214.43,failed
PAY02234,46,2024-12-19,858.49,completed
PAY02235,710,2021-11-28,1149.59,completed
PAY02236,562,2023-11-14,464.16,completed
PAY02237,406,2024-12-08,1726.88,pending
PAY02238,739,2025-04-11,1421.66,completed
PAY02239,317,2024-08-15,1700.17,completed
PAY02240,466,2022-11-23,1965.13,pending
PAY02241,370,2024-03-22,1229.12,completed
PAY02242,280,2021-02-06,1901.16,completed
PAY02243,519,2022-02-19,292.28,failed
PAY02244,708,2022-05-18,1489.82,failed
PAY02245,617,2024-05-11,201.38,pending
PAY02246,976,2020-09-24,1187.55,failed
PAY02247,846,2022-03-09,447.76,completed
PAY02248,694,2025-06-05,614.6,failed
PAY02249,646,2022-08-27,1239.46,pending
PAY02250,649,2023-12-31,1338.6,completed
PAY02251,13,2022-12-24,1639.35,pending
PAY02252,779,2022-02-19,1739.86,pending
PAY02253,871,2024-04-22,254.1,pending
PAY02254,543,2022-11-20,1720.72,failed
PAY02255,697,2023-05-06,230.17,failed
PAY02256,498,2021-02-28,383.62,completed
PAY02257,145,2021-07-03,1771.26,failed
PAY02258,227,2024-11-06,1775.42,pending
PAY02259,81,2024-04-13,370.24,completed
PAY02260,279,2020-10-28,917.66,failed
PAY02261,717,2021-09-10,796.75,pending
PAY02262,188,2020-10-19,1597.5,failed
PAY02263,468,2022-02-20,1045.47,completed
PAY02264,70,2020-10-24,1133.39,completed
PAY02265,248,2023-07-20,1626.98,completed
PAY02266,76,2022-12-31,1635.07,completed
PAY02267,351,2020-10-25,1816.89,failed
PAY02268,798,2024-03-14,103.42,completed
PAY02269,48,2022-12-28,607.46,pending
PAY02270,563,2022-09-02,343.63,failed
PAY02271,486,2025-04-28,950.96,completed
PAY02272,592,2021-08-13,1329.82,completed
PAY02273,438,2025-02-25,1064.99,pending
PAY02274,297,2021-11-04,1428.8,completed
PAY02275,77,2023-11-30,1964.75,failed
PAY02276,174,2022-10-09,1185.1,failed
PAY02277,39,2023-10-29,1088.46,failed
PAY02278,839,2021-06-18,854.8,completed
PAY02279,901,2024-08-31,490.54,pending
PAY02280,762,2020-12-30,319.43,completed
PAY02281,745,2024-06-23,152.8,completed
PAY02282,387,2024-03-17,1781.39,failed
PAY02283,569,2025-05-22,1452.29,pending
PAY02284,669,2023-05-23,1787.42,pending
PAY02285,314,2024-02-25,1397.29,pending
PAY02286,405,2021-11-08,659.15,completed
PAY02287,742,2021-04-27,1706.68,pending
PAY02288,543,2021-05-07,104.48,completed
PAY02289,891,2021-07-14,1083.72,failed
PAY02290,714,2024-02-02,1610.91,pending
PAY02291,148,2021-03-10,1667.93,completed
PAY02292,744,2021-01-24,594.79,failed
PAY02293,732,2024-06-18,741.7,failed
PAY02294,7,2024-10-10,1544.56,pending
PAY02295,859,2024-06-15,1726.47,completed
PAY02296,676,2025-07-18,1915.85,pending
PAY02297,979,2020-12-04,1887.68,pending
PAY02298,665,2025-04-18,1178.75,pending
PAY02299,478,2021-06-04,87.63,failed
PAY02300,884,2022-06-06,1435.91,pending
PAY02301,459,2022-04-22,216.19,pending
PAY02302,598,2023-05-15,1187.96,completed
PAY02303,100,2024-08-23,1939.06,failed
PAY02304,284,2022-02-25,794.79,completed
PAY02305,751,2022-11-19,1524.31,completed
PAY02306,558,2022-01-13,1976.16,completed
PAY02307,24,2021-10-23,1592.16,pending
PAY02308,257,2021-04-12,629.5,pending
PAY02309,218,2021-01-20,1041.47,completed
PAY02310,784,2024-11-09,1659.66,failed
PAY02311,759,2021-06-03,1057.79,failed
PAY02312,295,2021-01-07,1032.67,pending
PAY02313,315,2023-12-22,904.72,completed
PAY02314,413,2020-09-12,1700.55,failed
PAY02315,429,2022-11-13,1797.08,failed
PAY02316,373,2025-04-14,437.33,pending
PAY02317,783,2024-12-16,639.59,pending
PAY02318,822,2021-03-27,1264.15,pending
PAY02319,976,2022-06-24,1044.25,failed
PAY02320,72,2024-11-30,989.59,failed
PAY02321,371,2024-08-30,822.32,failed
PAY02322,203,2024-03-03,957.2,completed
PAY02323,739,2025-02-09,1641.23,completed
PAY02324,128,2023-08-15,1847.3,completed
PAY02325,575,2023-10-02,76.62,pending
PAY02326,672,2023-11-23,120.84,completed
PAY02327,248,2021-03-22,1484.92,completed
PAY02328,31,2023-08-19,1667.78,completed
PAY02329,446,2020-09-16,508.04,completed
PAY02330,910,2023-06-21,551.82,pending
PAY02331,602,2021-04-02,959.56,pending
PAY02332,152,2022-09-25,1930.01,failed
PAY02333,218,2020-11-29,705.79,completed
PAY02334,520,2022-05-27,1764.25,pending
PAY02335,174,2025-07-19,1195.56,failed
PAY02336,960,2024-04-30,517.29,pending
PAY02337,87,2024-03-22,308.53,pending
PAY02338,525,2023-07-24,298.03,failed
PAY02339,962,2023-02-10,1394.11,completed
PAY02340,796,2025-04-23,1241.22,failed
PAY02341,483,2024-08-12,373.18,pending
PAY02342,141,2024-06-05,842.87,pending
PAY02343,224,2024-04-01,858.4,failed
PAY02344,519,2023-06-12,1112.8,pending
PAY02345,193,2021-12-06,1789.94,completed
PAY02346,110,2023-08-07,1915.11,completed
PAY02347,54,2025-04-23,864.34,completed
PAY02348,740,2022-01-04,375.58,pending
PAY02349,288,2020-10-20,1151.99,pending
PAY02350,600,2023-03-23,870.37,completed
PAY02351,494,2022-09-29,361.18,completed
PAY02352,201,2024-06-05,148.61,completed
PAY02353,989,2020-12-15,1576.61,failed
PAY02354,626,2022-10-20,1293.67,failed
PAY02355,774,2022-04-15,1126.19,pending
PAY02356,857,2025-07-18,729.58,completed
PAY02357,711,2020-10-12,1739.41,failed
PAY02358,122,2021-10-20,885.66,failed
PAY02359,257,2022-08-19,760.7,failed
PAY02360,403,2022-08-13,1531.26,failed
PAY02361,905,2024-02-27,1076.37,pending
PAY02362,318,2021-06-22,634.92,completed
PAY02363,53,2021-01-24,1946.1,pending
PAY02364,630,2024-05-07,947.9,failed
PAY02365,422,2022-12-26,885.98,failed
PAY02366,419,2025-03-18,1555.36,failed
PAY02367,439,2021-06-03,803.67,completed
PAY02368,387,2024-09-11,1088.84,pending
PAY02369,232,2025-07-14,1314.47,failed
PAY02370,80,2021-02-03,1986.22,completed
PAY02371,372,2022-03-25,587.69,completed
PAY02372,100,2021-10-13,796.18,completed
PAY02373,1,2023-12-16,490.65,pending
PAY02374,883,2023-09-19,1297.57,completed
PAY02375,600,2025-01-27,1445.82,completed
PAY02376,657,2025-02-15,1399.16,completed
PAY02377,349,2023-06-14,1383.89,failed
PAY02378,324,2022-06-11,180.22,pending
PAY02379,597,2023-12-15,1492.4,pending
PAY02380,876,2020-11-14,1213.12,completed
PAY02381,304,2021-03-22,149.58,pending
PAY02382,610,2024-03-21,1279.92,failed
PAY02383,336,2024-04-20,119.68,completed
PAY02384,629,2020-08-17,734.06,failed
PAY02385,684,2024-12-15,753.47,completed
PAY02386,63,2024-11-09,1330.79,completed
PAY02387,345,2023-08-07,811.53,completed
PAY02388,779,2023-06-11,158.66,failed
PAY02389,727,2024-09-30,1679.39,failed
PAY02390,211,2024-01-28,1416.55,failed
PAY02391,878,2024-02-04,753.74,failed
PAY02392,694,2023-12-23,1637.25,pending
PAY02393,316,2025-01-28,328.06,completed
PAY02394,324,2024-11-04,172.64,completed
PAY02395,52,2021-02-22,1729.01,failed
PAY02396,621,2020-09-26,349.8,completed
PAY02397,948,2023-09-10,608.45,pending
PAY02398,599,2021-08-30,1305.09,completed
PAY02399,200,2021-02-21,392.99,completed
PAY02400,441,2021-05-22,1068.85,failed
PAY02401,583,2022-05-27,1280.47,completed
PAY02402,659,2022-01-29,802.97,failed
PAY02403,700,2025-03-27,126.4,pending
PAY02404,49,2023-09-14,1812.69,completed
PAY02405,400,2023-04-08,457.91,failed
PAY02406,404,2021-01-25,1210.97,completed
PAY02407,899,2021-05-16,1444.01,completed
PAY02408,226,2021-08-03,843.31,pending
PAY02409,637,2020-12-18,842.41,failed
PAY02410,392,2021-12-27,786.5,completed
PAY02411,684,2024-12-24,1520.48,failed
PAY02412,383,2021-11-17,98.4,completed
PAY02413,467,2021-07-20,1633.51,failed
PAY02414,965,2024-04-11,1216.37,completed
PAY02415,911,2021-05-07,1511.31,completed
PAY02416,208,2020-10-20,135.23,pending
PAY02417,560,2021-10-30,422.15,pending
PAY02418,144,2020-11-19,840.85,pending
PAY02419,705,2023-09-15,1358.13,pending
PAY02420,454,2023-06-19,1284.97,completed
PAY02421,207,2024-03-01,1367.77,completed
PAY02422,476,2024-10-22,370.5,failed
PAY02423,295,2021-03-31,1605.34,failed
PAY02424,228,2024-09-27,1529.34,failed
PAY02425,576,2024-01-25,1921.41,pending
PAY02426,745,2022-04-03,1556.06,failed
PAY02427,440,2022-03-27,1863.6,completed
PAY02428,421,2021-07-05,1980.61,completed
PAY02429,894,2022-04-01,1398.47,failed
PAY02430,606,2022-02-26,819.45,failed
PAY02431,868,2025-04-09,481.5,pending
PAY02432,17,2022-07-01,1574.06,failed
PAY02433,408,2022-02-11,1476.82,pending
PAY02434,453,2025-08-09,486.45,failed
PAY02435,664,2025-02-06,1758.66,failed
PAY02436,764,2021-12-29,460.16,pending
PAY02437,239,2023-11-12,735.11,pending
PAY02438,488,2020-10-02,576.51,failed
PAY02439,187,2025-04-16,1296.02,completed
PAY02440,479,2022-11-24,1233.14,completed
PAY02441,390,2023-11-11,271.96,pending
PAY02442,629,2023-02-13,1343.16,completed
PAY02443,444,2025-07-20,1931.47,pending
PAY02444,587,2025-06-11,851.5,completed
PAY02445,559,2025-07-13,600.32,completed
PAY02446,635,2023-10-10,1972.14,completed
PAY02447,75,2021-04-25,1353.92,failed
PAY02448,902,2024-04-24,1862.5,failed
PAY02449,996,2022-12-04,1935.47,pending
PAY02450,62,2024-06-29,50.26,completed
PAY02451,903,2023-07-25,1634.97,pending
PAY02452,103,2021-09-25,916.48,failed
PAY02453,238,2022-08-31,811.52,pending
PAY02454,501,2023-01-23,282.47,completed
PAY02455,845,2023-02-17,326.89,failed
PAY02456,771,2023-02-05,850.47,completed
PAY02457,677,2022-07-11,1424.2,failed
PAY02458,761,2024-07-19,236.89,pending
PAY02459,472,2024-03-15,1489.84,completed
PAY02460,146,2021-08-20,100.38,pending
PAY02461,480,2025-01-27,1386.66,failed
PAY02462,144,2022-12-01,349.08,failed
PAY02463,555,2022-12-15,86.16,completed
PAY02464,593,2025-02-26,1634.12,failed
PAY02465,917,2024-05-29,1252.43,completed
PAY02466,118,2021-06-28,699.03,completed
PAY02467,914,2023-02-23,112.55,completed
PAY02468,524,2021-07-02,1845.93,pending
PAY02469,956,2022-10-26,1308.08,pending
PAY02470,13,2024-02-18,1449.75,completed
PAY02471,409,2021-04-17,473.38,pending
PAY02472,695,2022-06-23,777.72,pending
PAY02473,230,2022-12-13,1141.76,completed
PAY02474,404,2022-10-23,190.85,completed
PAY02475,515,2020-09-14,1598.41,pending
PAY02476,498,2023-03-21,587.78,failed
PAY02477,675,2023-02-03,797.93,failed
PAY02478,645,2021-07-25,451.89,pending
PAY02479,55,2024-01-02,1891.06,failed
PAY02480,469,2023-12-08,910.69,completed
PAY02481,484,2022-09-05,1063.5,pending
PAY02482,255,2023-05-19,1104.23,failed
PAY02483,62,2022-03-02,252.8,completed
PAY02484,890,2024-06-03,823.36,failed
PAY02485,977,2022-03-28,1937.19,completed
PAY02486,782,2023-08-29,940.6,failed
PAY02487,708,2023-06-16,835.28,failed
PAY02488,680,2022-02-22,882.5,failed
PAY02489,943,2020-08-25,557.44,completed
PAY02490,682,2022-04-25,688.6,failed
PAY02491,227,2022-03-25,539.15,pending
PAY02492,415,2025-03-09,1261.6,pending
PAY02493,400,2024-05-05,966.68,failed
PAY02494,93,2021-12-25,100.32,failed
PAY02495,43,2022-01-30,1017.93,completed
PAY02496,620,2024-11-02,1887.11,failed
PAY02497,903,2020-11-22,1772.78,pending
PAY02498,528,2024-03-28,831.49,completed
PAY02499,467,2021-12-18,653.85,completed
PAY02500,519,2022-04-18,1952.9,failed
PAY02501,680,2023-10-06,1658.93,failed
PAY02502,881,2024-09-21,348.9,completed
PAY02503,900,2022-05-13,382.59,completed
PAY02504,659,2022-10-24,802.78,failed
PAY02505,911,2025-03-06,457.25,pending
PAY02506,906,2021-12-08,84.15,pending
PAY02507,905,2020-11-03,1546.89,failed
PAY02508,909,2024-09-13,881.01,completed
PAY02509,617,2020-09-27,1161.13,completed
PAY02510,60,2024-06-05,1436.64,completed
PAY02511,370,2025-03-04,1624.42,pending
PAY02512,84,2022-12-10,745.9,completed
PAY02513,796,2022-02-01,966.85,completed
PAY02514,407,2022-06-17,436.78,pending
PAY02515,866,2024-07-26,799.71,completed
PAY02516,52,2024-06-15,1583.21,completed
PAY02517,291,2021-01-28,1204.57,failed
PAY02518,840,2023-10-31,1082.1,failed
PAY02519,981,2022-06-28,1459.19,pending
PAY02520,609,2020-10-18,1275.79,completed
PAY02521,184,2022-07-26,1627.42,failed
PAY02522,193,2022-05-22,1770.04,pending
PAY02523,446,2024-07-01,1448.46,failed
PAY02524,396,2024-05-05,1424.72,failed
PAY02525,815,2022-08-14,1922.1,failed
PAY02526,184,2020-09-17,1627.97,pending
PAY02527,664,2023-11-07,576.96,completed
PAY02528,721,2022-01-09,935.52,failed
PAY02529,694,2023-11-26,1814.91,completed
PAY02530,583,2024-02-18,731.02,completed
PAY02531,141,2024-10-24,1833.32,completed
PAY02532,542,2021-05-13,1534.38,completed
PAY02533,479,2022-10-03,748.98,completed
PAY02534,886,2021-12-07,649.54,completed
PAY02535,25,2022-11-04,1773.24,pending
PAY02536,367,2023-06-06,1832.11,pending
PAY02537,22,2025-03-23,912.47,completed
PAY02538,589,2024-01-05,1652.0,pending
PAY02539,484,2023-02-03,1008.07,failed
PAY02540,23,2020-10-23,1621.67,completed
PAY02541,949,2023-07-16,1324.22,failed
PAY02542,668,2025-08-13,1434.85,failed
PAY02543,984,2023-06-04,488.03,completed
PAY02544,459,2024-05-10,764.93,completed
PAY02545,625,2025-04-21,1858.47,completed
PAY02546,68,2021-12-12,1485.73,pending
PAY02547,389,2020-08-19,1467.62,completed
PAY02548,659,2024-04-17,729.26,completed
PAY02549,140,2024-10-16,167.03,pending
PAY02550,826,2023-12-06,1572.23,pending
PAY02551,197,2020-12-01,472.56,pending
PAY02552,955,2020-08-28,163.64,failed
PAY02553,888,2023-06-16,1904.01,completed
PAY02554,459,2022-11-12,110.58,failed
PAY02555,3,2021-11-17,1017.34,failed
PAY02556,372,2022-06-22,1602.45,pending
PAY02557,957,2023-04-19,1497.33,completed
PAY02558,953,2023-05-13,1795.6,failed
PAY02559,940,2021-07-01,937.5,completed
PAY02560,209,2022-08-12,1235.02,failed
PAY02561,900,2025-07-21,1019.11,failed
PAY02562,183,2020-10-06,234.81,pending
PAY02563,721,2021-10-03,238.7,pending
PAY02564,654,2023-02-27,1669.4,pending
PAY02565,415,2021-09-11,1788.23,failed
PAY02566,666,2022-05-07,728.07,pending
PAY02567,479,2024-02-22,410.05,pending
PAY02568,677,2022-01-01,1328.48,failed
PAY02569,770,2022-05-30,230.02,completed
PAY02570,189,2022-04-01,1261.34,failed
PAY02571,778,2021-10-23,930.66,pending
PAY02572,393,2023-05-17,1959.01,completed
PAY02573,136,2022-01-02,871.49,pending
PAY02574,348,2022-09-18,838.56,failed
PAY02575,72,2021-02-13,505.78,completed
PAY02576,943,2022-02-13,1154.22,pending
PAY02577,168,2022-10-07,1392.57,failed
PAY02578,973,2021-10-18,127.93,pending
PAY02579,828,2022-07-27,1714.63,failed
PAY02580,31,2021-12-06,141.98,failed
PAY02581,330,2021-03-17,1186.43,failed
PAY02582,430,2021-12-03,555.21,failed
PAY02583,461,2022-02-18,935.26,failed
PAY02584,355,2023-12-13,1544.68,completed
PAY02585,739,2021-05-25,1178.88,pending
PAY02586,414,2022-05-12,514.66,completed
PAY02587,393,2022-06-23,1878.77,pending
PAY02588,874,2024-11-25,1187.77,completed
PAY02589,423,2021-10-05,1185.41,pending
PAY02590,792,2022-05-22,562.9,completed
PAY02591,815,2021-08-23,1634.69,failed
PAY02592,920,2025-06-25,1420.62,completed
PAY02593,830,2021-07-10,250.71,failed
PAY02594,985,2021-06-05,1751.11,completed
PAY02595,581,2023-10-19,766.07,pending
PAY02596,135,2020-11-25,434.05,failed
PAY02597,782,2022-05-12,1722.86,pending
PAY02598,920,2020-12-05,1982.72,pending
PAY02599,832,2021-11-23,1707.86,failed
PAY02600,539,2024-11-16,242.05,pending
PAY02601,552,2022-01-26,1144.81,completed
PAY02602,723,2024-03-21,1014.1,failed
PAY02603,199,2020-10-01,1203.04,pending
PAY02604,609,2022-06-20,1018.13,pending
PAY02605,307,2024-09-24,461.61,completed
PAY02606,435,2022-06-12,628.13,pending
PAY02607,867,2024-06-28,1249.71,pending
PAY02608,313,2023-07-18,430.86,failed
PAY02609,800,2023-08-17,889.19,completed
PAY02610,966,2023-09-28,1932.73,completed
PAY02611,979,2022-12-25,1648.7,pending
PAY02612,146,2023-10-11,1767.23,completed
PAY02613,872,2023-09-24,1890.97,completed
PAY02614,541,2021-09-25,469.16,pending
PAY02615,789,2022-07-09,1464.09,pending
PAY02616,951,2022-05-04,1423.49,failed
PAY02617,125,2024-10-26,386.87,failed
PAY02618,324,2022-11-30,1744.89,completed
PAY02619,85,2025-02-10,922.08,completed
PAY02620,560,2021-10-17,1746.08,pending
PAY02621,149,2025-02-27,816.61,failed
PAY02622,752,2022-08-11,666.84,completed
PAY02623,552,2021-06-01,348.48,failed
PAY02624,985,2021-01-09,962.39,completed
PAY02625,396,2021-08-03,815.07,completed
PAY02626,7,2022-04-22,1779.62,pending
PAY02627,337,2024-02-02,1265.43,completed
PAY02628,839,2023-01-24,1400.37,failed
PAY02629,902,2021-03-09,952.22,completed
PAY02630,821,2025-01-03,1352.52,pending
PAY02631,142,2023-11-04,1058.5,failed
PAY02632,939,2022-04-21,52.19,pending
PAY02633,542,2022-11-01,412.27,pending
PAY02634,569,2024-05-03,1226.45,failed
PAY02635,704,2022-08-10,1874.04,completed
PAY02636,763,2022-08-13,1613.97,completed
PAY02637,193,2022-11-09,1577.79,pending
PAY02638,479,2023-07-29,131.65,completed
PAY02639,492,2021-01-19,1615.38,completed
PAY02640,945,2024-10-13,1587.9,completed
PAY02641,694,2024-03-30,1363.43,completed
PAY02642,156,2020-09-07,611.68,completed
PAY02643,748,2021-10-01,745.84,pending
PAY02644,636,2022-02-07,1723.75,completed
PAY02645,834,2020-09-20,1322.17,completed
PAY02646,159,2021-06-02,1649.82,completed
PAY02647,306,2024-06-09,316.19,failed
PAY02648,835,2025-07-23,172.9,completed
PAY02649,927,2023-03-02,784.89,failed
PAY02650,960,2022-03-29,1156.68,completed
PAY02651,726,2023-01-30,539.88,pending
PAY02652,907,2021-08-21,1881.92,completed
PAY02653,115,2021-05-31,1674.84,pending
PAY02654,429,2025-01-31,542.2,completed
PAY02655,34,2023-02-09,1858.91,completed
PAY02656,151,2024-09-04,511.99,failed
PAY02657,926,2024-11-26,981.8,completed
PAY02658,758,2021-04-22,1359.93,completed
PAY02659,454,2024-10-05,1695.11,failed
PAY02660,268,2024-10-20,1023.58,pending
PAY02661,227,2020-11-27,95.97,completed
PAY02662,966,2025-03-24,1957.86,failed
PAY02663,287,2021-07-04,1700.68,completed
PAY02664,464,2022-08-20,508.6,failed
PAY02665,789,2021-12-25,809.67,pending
PAY02666,741,2021-04-30,963.3,failed
PAY02667,846,2025-02-26,1338.09,pending
PAY02668,592,2024-06-27,487.44,completed
PAY02669,650,2025-07-09,965.37,failed
PAY02670,764,2023-05-15,127.1,failed
PAY02671,370,2020-12-19,890.68,failed
PAY02672,769,2025-03-01,1158.27,completed
PAY02673,90,2024-02-03,940.69,completed
PAY02674,184,2024-04-07,1995.25,completed
PAY02675,492,2023-02-22,1094.65,completed
PAY02676,573,2024-07-17,1111.88,pending
PAY02677,604,2023-04-04,530.49,failed
PAY02678,580,2023-12-26,1537.33,pending
PAY02679,655,2024-12-31,1018.14,completed
PAY02680,262,2025-02-03,78.22,failed
PAY02681,996,2021-02-25,170.08,pending
PAY02682,730,2020-10-09,235.91,failed
PAY02683,661,2021-06-14,621.47,completed
PAY02684,191,2025-07-16,260.56,failed
PAY02685,900,2022-11-18,618.45,pending
PAY02686,359,2023-09-17,897.51,pending
PAY02687,757,2024-03-07,421.9,failed
PAY02688,695,2022-07-10,727.34,pending
PAY02689,657,2021-10-23,1947.78,pending
PAY02690,71,2025-03-13,602.19,failed
PAY02691,84,2022-05-09,1701.01,failed
PAY02692,223,2020-09-06,1078.69,pending
PAY02693,140,2024-06-30,424.04,completed
PAY02694,180,2022-10-23,730.52,failed
PAY02695,248,2021-09-16,1098.35,completed
PAY02696,220,2020-09-08,445.45,completed
PAY02697,75,2023-07-22,540.38,failed
PAY02698,671,2020-09-19,840.39,pending
PAY02699,889,2021-02-12,1028.69,failed
PAY02700,949,2023-05-03,1170.65,pending
PAY02701,291,2024-12-23,534.53,completed
PAY02702,19,2020-12-19,985.68,failed
PAY02703,723,2025-02-19,213.62,completed
PAY02704,568,2024-01-20,240.64,pending
PAY02705,809,2023-04-21,1985.94,pending
PAY02706,168,2022-12-14,1945.18,failed
PAY02707,201,2022-09-14,684.3,pending
PAY02708,64,2021-06-07,744.08,completed
PAY02709,665,2025-05-06,1589.05,failed
PAY02710,656,2024-08-19,546.5,completed
PAY02711,691,2023-04-24,810.37,pending
PAY02712,735,2021-10-23,1145.71,completed
PAY02713,685,2024-09-05,900.51,failed
PAY02714,708,2024-01-03,1763.85,completed
PAY02715,655,2025-04-28,524.99,failed
PAY02716,792,2021-09-09,1997.77,failed
PAY02717,807,2024-01-31,1991.13,completed
PAY02718,881,2023-09-12,102.25,failed
PAY02719,254,2020-10-06,931.12,pending
PAY02720,898,2021-05-04,940.89,failed
PAY02721,775,2021-01-18,1237.85,pending
PAY02722,932,2022-07-13,615.41,failed
PAY02723,941,2022-04-26,1309.66,completed
PAY02724,870,2024-12-21,1443.94,completed
PAY02725,458,2022-10-18,125.66,failed
PAY02726,40,2021-12-19,1481.05,completed
PAY02727,780,2022-04-28,1550.94,failed
PAY02728,84,2021-07-16,987.54,pending
PAY02729,222,2021-09-10,231.83,failed
PAY02730,637,2021-11-16,1001.58,failed
PAY02731,465,2024-10-02,1601.77,completed
PAY02732,713,2023-01-21,1559.33,pending
PAY02733,195,2023-06-04,1669.74,failed
PAY02734,291,2022-05-14,1716.75,completed
PAY02735,394,2023-06-25,1791.96,failed
PAY02736,365,2025-07-06,1889.47,pending
PAY02737,20,2022-02-07,934.94,pending
PAY02738,36,2022-12-23,1673.93,completed
PAY02739,751,2021-03-12,1193.52,pending
PAY02740,292,2023-05-12,1027.11,pending
PAY02741,598,2025-05-12,1523.67,completed
PAY02742,33,2021-01-22,861.31,pending
PAY02743,747,2021-08-13,1269.24,pending
PAY02744,816,2023-05-28,1829.28,pending
PAY02745,524,2022-08-25,105.2,pending
PAY02746,732,2022-02-14,145.43,pending
PAY02747,590,2024-02-26,319.87,pending
PAY02748,979,2024-07-02,622.16,failed
PAY02749,85,2024-08-02,1450.36,failed
PAY02750,274,2021-06-28,1487.81,failed
PAY02751,360,2022-07-01,182.17,pending
PAY02752,19,2023-07-03,1387.59,pending
PAY02753,419,2025-04-07,1960.0,failed
PAY02754,633,2025-01-22,1587.45,failed
PAY02755,577,2022-03-20,1139.54,failed
PAY02756,56,2025-01-27,1113.83,failed
PAY02757,43,2025-03-14,1885.56,pending
PAY02758,55,2023-09-22,247.01,failed
PAY02759,864,2023-10-26,664.82,pending
PAY02760,323,2025-05-25,1640.42,completed
PAY02761,751,2024-05-13,489.46,failed
PAY02762,732,2025-02-20,488.01,pending
PAY02763,183,2022-10-29,378.68,pending
PAY02764,294,2025-06-28,1323.35,pending
PAY02765,362,2021-10-13,512.89,pending
PAY02766,998,2021-03-12,1782.06,failed
PAY02767,560,2023-03-27,551.99,failed
PAY02768,605,2020-12-01,875.51,failed
PAY02769,35,2024-01-30,1630.59,failed
PAY02770,560,2021-05-01,1010.33,pending
PAY02771,818,2021-06-18,474.39,pending
PAY02772,410,2022-03-12,1267.27,failed
PAY02773,320,2021-09-04,558.32,pending
PAY02774,264,2021-09-18,119.15,failed
PAY02775,252,2020-10-11,1357.05,failed
PAY02776,496,2024-12-07,1116.08,pending
PAY02777,71,2020-11-30,1957.76,pending
PAY02778,603,2023-12-12,1756.29,completed
PAY02779,607,2022-01-31,441.6,completed
PAY02780,16,2024-05-10,916.67,pending
PAY02781,140,2023-02-15,1865.36,completed
PAY02782,421,2022-09-13,659.69,completed
PAY02783,400,2023-01-22,1486.2,pending
PAY02784,736,2020-11-26,688.79,completed
PAY02785,811,2022-05-14,450.34,completed
PAY02786,224,2025-02-09,1799.07,failed
PAY02787,180,2022-06-13,1953.38,pending
PAY02788,904,2024-05-30,1052.8,failed
PAY02789,691,2020-11-07,1627.36,failed
PAY02790,966,2020-09-02,462.39,completed
PAY02791,76,2024-03-12,1640.65,pending
PAY02792,974,2024-11-05,1645.62,failed
PAY02793,758,2024-08-02,1393.8,pending
PAY02794,156,2022-11-20,1993.54,completed
PAY02795,553,2022-08-25,1518.15,completed
PAY02796,781,2022-03-08,1417.84,completed
PAY02797,699,2021-11-29,1699.96,completed
PAY02798,289,2021-07-31,1417.49,pending
PAY02799,248,2023-03-20,1067.07,completed
PAY02800,692,2023-02-10,1170.25,completed
PAY02801,220,2025-07-15,927.31,failed
PAY02802,200,2021-09-17,1301.52,completed
PAY02803,850,2021-12-11,242.5,completed
PAY02804,217,2022-09-15,631.59,completed
PAY02805,672,2025-03-20,467.63,pending
PAY02806,676,2023-10-11,816.85,failed
PAY02807,361,2022-11-17,1910.88,pending
PAY02808,303,2021-08-17,1056.48,pending
PAY02809,194,2024-05-23,1826.63,pending
PAY02810,907,2025-02-22,974.79,pending
PAY02811,303,2022-08-16,443.46,completed
PAY02812,313,2024-11-10,977.3,failed
PAY02813,983,2023-12-01,1686.08,completed
PAY02814,786,2021-06-04,297.81,completed
PAY02815,145,2023-07-14,1058.78,pending
PAY02816,633,2021-09-24,669.15,pending
PAY02817,188,2023-03-09,570.52,pending
PAY02818,795,2024-08-03,849.89,completed
PAY02819,594,2024-03-04,1002.87,pending
PAY02820,468,2021-12-13,1669.67,completed
PAY02821,718,2024-01-10,987.96,completed
PAY02822,849,2022-03-23,946.41,completed
PAY02823,377,2021-09-21,1813.87,failed
PAY02824,516,2024-01-10,255.72,completed
PAY02825,192,2022-04-07,339.68,completed
PAY02826,188,2024-02-12,1449.43,completed
PAY02827,304,2024-05-15,933.46,failed
PAY02828,881,2024-05-28,825.39,pending
PAY02829,180,2020-09-24,449.78,pending
PAY02830,616,2022-03-02,1923.53,completed
PAY02831,489,2024-04-25,613.69,pending
PAY02832,985,2025-04-16,862.03,failed
PAY02833,534,2020-08-31,838.91,completed
PAY02834,563,2025-04-07,516.2,pending
PAY02835,392,2025-02-10,457.22,failed
PAY02836,389,2024-03-06,341.02,pending
PAY02837,935,2024-10-24,1673.14,failed
PAY02838,266,2021-03-03,1382.45,completed
PAY02839,146,2024-06-04,936.36,failed
PAY02840,526,2024-06-08,1091.44,pending
PAY02841,526,2020-09-03,1231.12,pending
PAY02842,328,2021-11-01,1011.85,pending
PAY02843,867,2025-07-06,929.11,pending
PAY02844,817,2023-10-12,295.68,pending
PAY02845,846,2024-08-11,1930.91,failed
PAY02846,48,2025-05-24,482.99,pending
PAY02847,457,2025-06-08,523.26,completed
PAY02848,242,2021-12-15,506.01,failed
PAY02849,84,2024-04-14,183.85,pending
PAY02850,592,2021-10-26,1860.85,failed
PAY02851,838,2022-04-13,741.98,failed
PAY02852,771,2022-12-14,1175.23,pending
PAY02853,986,2023-06-11,160.38,completed
PAY02854,398,2024-09-17,1988.29,completed
PAY02855,480,2023-07-08,1453.66,pending
PAY02856,84,2023-05-15,295.43,pending
PAY02857,809,2021-05-13,1871.6,pending
PAY02858,416,2024-07-25,427.02,completed
PAY02859,845,2022-02-10,719.21,pending
PAY02860,596,2022-01-02,1249.56,failed
PAY02861,853,2024-07-15,1950.31,pending
PAY02862,710,2023-10-04,415.14,completed
PAY02863,705,2022-09-05,1559.89,completed
PAY02864,171,2022-05-24,246.87,failed
PAY02865,999,2021-07-24,500.06,failed
PAY02866,277,2024-09-19,958.36,completed
PAY02867,588,2022-06-26,1156.5,failed
PAY02868,153,2024-07-20,96.42,completed
PAY02869,446,2021-01-12,933.16,pending
PAY02870,840,2023-06-17,1663.35,failed
PAY02871,484,2025-02-18,281.13,pending
PAY02872,617,2024-08-20,1473.16,failed
PAY02873,880,2024-12-09,358.35,failed
PAY02874,989,2020-10-12,1040.15,failed
PAY02875,159,2024-05-28,1921.51,completed
PAY02876,375,2022-06-01,238.94,pending
PAY02877,400,2025-03-28,1618.25,completed
PAY02878,260,2024-07-08,175.56,failed
PAY02879,6,2022-01-14,750.47,failed
PAY02880,176,2025-04-02,864.71,failed
PAY02881,930,2024-08-27,76.29,failed
PAY02882,264,2021-09-17,848.76,pending
PAY02883,193,2021-02-15,478.66,completed
PAY02884,231,2021-07-11,230.83,pending
PAY02885,329,2023-05-06,1838.43,pending
PAY02886,249,2021-04-29,930.63,completed
PAY02887,957,2023-06-14,1721.59,failed
PAY02888,428,2024-01-02,451.09,completed
PAY02889,113,2023-05-18,450.92,failed
PAY02890,984,2022-11-14,1433.06,failed
PAY02891,134,2023-11-22,1703.88,pending
PAY02892,560,2021-12-15,1930.51,failed
PAY02893,71,2024-06-25,1150.89,failed
PAY02894,878,2025-08-07,292.56,pending
PAY02895,393,2021-09-30,1421.09,failed
PAY02896,822,2023-02-11,485.38,failed
PAY02897,243,2024-08-27,105.21,pending
PAY02898,977,2024-03-03,822.48,pending
PAY02899,117,2025-04-01,806.78,pending
PAY02900,537,2020-09-17,1234.98,completed
PAY02901,410,2021-07-20,159.25,completed
PAY02902,908,2022-05-05,883.1,failed
PAY02903,477,2023-09-09,1508.97,completed
PAY02904,19,2020-12-21,900.2,completed
PAY02905,864,2021-06-30,921.45,failed
PAY02906,189,2025-07-24,1553.95,pending
PAY02907,924,2021-02-10,165.97,completed
PAY02908,252,2024-09-18,1837.35,pending
PAY02909,849,2023-01-03,1331.29,failed
PAY02910,342,2024-11-22,1484.25,pending
PAY02911,524,2024-06-30,1980.76,failed
PAY02912,502,2022-03-22,445.06,completed
PAY02913,704,2022-11-30,263.04,completed
PAY02914,785,2020-12-10,83.31,failed
PAY02915,529,2024-01-27,376.37,completed
PAY02916,530,2023-06-22,1793.06,pending
PAY02917,107,2025-07-11,671.5,pending
PAY02918,680,2021-07-06,1932.97,completed
PAY02919,439,2024-05-31,1297.84,pending
PAY02920,115,2024-08-23,123.81,pending
PAY02921,111,2024-01-17,1632.75,pending
PAY02922,194,2021-10-29,983.09,failed
PAY02923,113,2021-04-12,909.8,pending
PAY02924,750,2024-11-28,616.64,pending
PAY02925,313,2024-09-20,1387.04,completed
PAY02926,813,2024-11-28,1945.11,failed
PAY02927,230,2022-02-01,1344.07,completed
PAY02928,606,2025-06-19,939.38,failed
PAY02929,389,2025-06-10,452.75,completed
PAY02930,90,2023-11-26,50.86,completed
PAY02931,118,2022-03-09,348.29,failed
PAY02932,356,2025-06-15,1219.23,completed
PAY02933,81,2024-08-03,926.42,failed
PAY02934,826,2023-04-26,1380.66,pending
PAY02935,130,2025-03-28,489.93,pending
PAY02936,306,2024-03-09,491.8,pending
PAY02937,486,2023-03-27,1117.97,completed
PAY02938,868,2021-08-13,1871.72,pending
PAY02939,794,2024-09-16,1380.56,failed
PAY02940,706,2023-06-18,589.31,failed
PAY02941,427,2023-09-18,446.1,pending
PAY02942,185,2025-06-27,570.87,completed
PAY02943,223,2024-08-10,1260.85,pending
PAY02944,470,2022-06-17,1864.93,pending
PAY02945,197,2022-09-12,1559.47,completed
PAY02946,788,2024-12-24,478.67,failed
PAY02947,806,2024-02-29,745.52,failed
PAY02948,230,2023-08-29,1090.91,completed
PAY02949,216,2021-03-10,1845.36,failed
PAY02950,313,2021-11-05,1746.49,pending
PAY02951,783,2022-04-29,603.05,completed
PAY02952,240,2022-03-27,362.44,completed
PAY02953,274,2025-04-25,758.54,failed
PAY02954,589,2023-06-16,1528.85,completed
PAY02955,62,2022-11-20,1204.74,pending
PAY02956,448,2023-06-26,408.02,completed
PAY02957,265,2021-12-13,177.02,failed
PAY02958,300,2024-08-23,688.02,completed
PAY02959,990,2022-11-16,1396.78,completed
PAY02960,43,2024-03-12,626.19,failed
PAY02961,936,2022-04-26,575.64,failed
PAY02962,969,2023-07-25,763.72,pending
PAY02963,875,2023-07-02,1691.95,pending
PAY02964,245,2024-08-19,1644.11,failed
PAY02965,194,2023-03-11,1565.42,pending
PAY02966,995,2022-08-08,1154.92,failed
PAY02967,33,2022-11-11,1272.78,completed
PAY02968,206,2025-04-28,71.66,failed
PAY02969,243,2022-10-25,1925.28,failed
PAY02970,695,2023-04-18,1185.63,pending
PAY02971,188,2024-12-18,565.36,pending
PAY02972,715,2022-12-06,1941.37,failed
PAY02973,869,2021-09-01,1101.35,completed
PAY02974,119,2021-03-10,1037.91,failed
PAY02975,81,2021-04-23,1702.88,failed
PAY02976,389,2021-08-04,768.4,failed
PAY02977,901,2021-08-14,1350.41,failed
PAY02978,777,2025-05-26,1229.69,completed
PAY02979,223,2020-08-22,290.38,failed
PAY02980,937,2022-09-19,331.18,pending
PAY02981,694,2022-07-25,1651.69,pending
PAY02982,777,2025-05-15,937.44,failed
PAY02983,474,2020-12-23,1389.7,failed
PAY02984,487,2024-06-14,1341.0,pending
PAY02985,956,2023-08-04,583.55,completed
PAY02986,791,2022-03-25,1236.29,failed
PAY02987,728,2025-05-29,1267.45,pending
PAY02988,510,2021-07-13,1844.89,pending
PAY02989,655,2021-10-15,781.59,completed
PAY02990,418,2021-02-15,1289.48,completed
PAY02991,776,2021-07-21,899.74,failed
PAY02992,569,2024-12-28,1036.09,completed
PAY02993,531,2023-10-05,1868.32,pending
PAY02994,344,2021-05-28,890.11,pending
PAY02995,367,2025-04-09,1424.38,completed
PAY02996,242,2022-09-18,1523.5,completed
PAY02997,489,2021-01-23,1901.93,completed
PAY02998,154,2022-06-01,1617.81,failed
PAY02999,594,2021-09-11,1515.54,pending
PAY03000,550,2022-08-22,1974.96,completed
PAY03001,356,2025-02-19,1376.38,failed
PAY03002,725,2025-01-25,1585.58,pending
PAY03003,135,2021-06-18,264.91,pending
PAY03004,272,2024-11-09,299.93,failed
PAY03005,282,2025-03-31,1496.18,completed
PAY03006,390,2021-05-09,236.45,completed
PAY03007,540,2024-12-17,1721.38,failed
PAY03008,859,2023-12-18,434.44,completed
PAY03009,359,2022-05-28,201.31,pending
PAY03010,422,2023-04-29,1495.7,failed
PAY03011,738,2024-04-27,693.56,completed
PAY03012,159,2023-01-28,1451.64,completed
PAY03013,769,2025-04-10,970.94,failed
PAY03014,989,2024-11-12,1456.07,failed
PAY03015,510,2021-11-12,1862.85,completed
PAY03016,397,2021-01-13,658.96,failed
PAY03017,502,2025-03-08,1290.4,failed
PAY03018,699,2023-06-25,757.39,completed
PAY03019,901,2021-12-09,250.25,completed
PAY03020,732,2020-09-23,1310.69,completed
PAY03021,691,2024-01-24,1614.63,completed
PAY03022,955,2023-08-14,1763.4,failed
PAY03023,710,2021-01-25,659.54,pending
PAY03024,939,2023-05-01,820.64,failed
PAY03025,577,2023-09-07,1392.51,pending
PAY03026,622,2022-12-02,964.88,failed
PAY03027,306,2025-01-07,1610.65,pending
PAY03028,333,2023-08-16,759.95,pending
PAY03029,21,2021-06-26,411.75,failed
PAY03030,346,2024-08-14,387.66,failed
PAY03031,47,2024-06-17,1272.41,pending
PAY03032,794,2021-03-19,1085.69,failed
PAY03033,525,2023-12-04,1249.56,pending
PAY03034,845,2023-07-18,1778.07,completed
PAY03035,124,2022-11-18,1088.43,completed
PAY03036,54,2021-06-08,1398.68,completed
PAY03037,798,2022-09-23,909.24,pending
PAY03038,514,2021-07-12,945.43,pending
PAY03039,175,2024-09-29,960.5,completed
PAY03040,128,2023-01-07,794.62,completed
PAY03041,137,2021-03-03,803.73,failed
PAY03042,124,2024-12-20,1399.61,completed
PAY03043,114,2021-09-07,482.37,failed
PAY03044,904,2022-10-09,739.83,completed
PAY03045,300,2021-07-27,110.09,pending
PAY03046,87,2023-03-14,450.68,pending
PAY03047,54,2021-11-19,251.77,pending
PAY03048,961,2022-08-09,288.97,failed
PAY03049,858,2021-05-22,1185.04,completed
PAY03050,92,2024-02-21,372.28,failed
PAY03051,772,2020-11-03,592.77,completed
PAY03052,599,2021-01-26,1227.88,completed
PAY03053,210,2021-03-23,891.28,completed
PAY03054,20,2025-02-19,797.25,completed
PAY03055,596,2023-12-24,1498.6,failed
PAY03056,188,2023-04-04,1001.74,pending
PAY03057,416,2022-01-01,1187.51,completed
PAY03058,263,2022-06-27,1169.0,pending
PAY03059,453,2024-02-23,106.59,completed
PAY03060,129,2024-09-07,826.3,failed
PAY03061,305,2022-02-09,397.69,pending
PAY03062,462,2023-07-19,583.61,pending
PAY03063,831,2023-12-29,1738.78,completed
PAY03064,680,2024-01-11,1301.26,completed
PAY03065,833,2022-03-20,1786.71,completed
PAY03066,113,2024-05-14,316.16,completed
PAY03067,605,2024-06-16,1075.94,pending
PAY03068,103,2023-03-17,649.84,completed
PAY03069,24,2020-10-10,1898.78,completed
PAY03070,978,2021-01-11,795.2,failed
PAY03071,210,2020-12-05,1067.79,pending
PAY03072,127,2024-11-07,1680.07,failed
PAY03073,730,2021-03-11,1440.86,failed
PAY03074,838,2022-02-03,447.94,pending
PAY03075,646,2021-07-02,1550.44,failed
PAY03076,20,2024-04-23,420.5,completed
PAY03077,141,2023-03-06,1910.28,completed
PAY03078,917,2022-01-19,709.58,pending
PAY03079,208,2025-06-29,1032.88,failed
PAY03080,599,2025-07-02,893.12,completed
PAY03081,1000,2022-12-30,568.44,pending
PAY03082,920,2022-04-09,157.84,failed
PAY03083,508,2024-03-21,642.57,pending
PAY03084,850,2021-06-21,754.56,pending
PAY03085,772,2024-10-29,1210.13,failed
PAY03086,339,2020-08-24,668.87,pending
PAY03087,791,2020-09-18,187.71,pending
PAY03088,603,2024-04-15,1804.02,completed
PAY03089,309,2023-12-02,164.07,failed
PAY03090,454,2021-10-09,191.93,failed
PAY03091,687,2022-08-30,1397.55,pending
PAY03092,116,2021-11-25,1567.39,completed
PAY03093,918,2021-05-07,519.19,pending
PAY03094,519,2025-05-17,287.67,failed
PAY03095,309,2022-10-23,565.95,pending
PAY03096,90,2021-10-01,1689.6,failed
PAY03097,433,2021-09-12,180.9,pending
PAY03098,605,2021-09-24,468.4,completed
PAY03099,10,2023-05-16,1115.47,pending
PAY03100,138,2021-03-03,714.98,failed
PAY03101,572,2020-10-29,1684.53,completed
PAY03102,442,2020-11-11,404.68,failed
PAY03103,785,2023-02-07,828.05,completed
PAY03104,273,2024-08-12,1401.27,pending
PAY03105,187,2023-10-19,432.22,failed
PAY03106,445,2022-04-29,557.3,failed
PAY03107,476,2024-03-29,641.26,failed
PAY03108,332,2024-10-22,1057.77,completed
PAY03109,473,2021-08-03,757.64,failed
PAY03110,676,2025-03-07,581.33,pending
PAY03111,245,2021-01-19,1500.7,completed
PAY03112,700,2021-06-15,1953.66,completed
PAY03113,425,2025-06-07,1760.54,pending
PAY03114,712,2025-07-01,1089.44,pending
PAY03115,140,2023-02-10,1038.52,completed
PAY03116,5,2021-04-15,1374.44,failed
PAY03117,323,2023-07-19,207.58,pending
PAY03118,765,2021-11-26,1199.39,failed
PAY03119,798,2023-07-16,61.17,pending
PAY03120,834,2024-03-02,611.92,failed
PAY03121,152,2020-12-12,1828.35,completed
PAY03122,875,2022-08-31,1146.71,failed
PAY03123,784,2023-07-05,1283.73,pending
PAY03124,570,2024-10-29,1928.91,failed
PAY03125,554,2024-06-24,1394.36,completed
PAY03126,321,2022-11-28,970.73,pending
PAY03127,518,2022-12-16,1937.98,completed
PAY03128,559,2022-03-20,1543.43,completed
PAY03129,780,2025-05-27,1246.06,completed
PAY03130,193,2024-11-21,1956.95,completed
PAY03131,883,2020-09-09,1985.59,pending
PAY03132,885,2020-12-01,902.85,failed
PAY03133,602,2022-06-15,519.27,completed
PAY03134,108,2023-05-10,570.84,pending
PAY03135,854,2020-09-20,142.71,failed
PAY03136,223,2023-08-16,1171.26,failed
PAY03137,835,2025-01-23,1544.6,failed
PAY03138,382,2023-12-01,490.05,pending
PAY03139,1000,2023-10-04,357.88,failed
PAY03140,798,2021-03-19,429.9,failed
PAY03141,699,2024-02-16,1893.34,pending
PAY03142,403,2020-12-01,1677.65,completed
PAY03143,670,2023-10-10,1403.2,completed
PAY03144,76,2022-12-06,94.57,failed
PAY03145,146,2021-07-31,659.72,failed
PAY03146,168,2021-09-26,74.13,pending
PAY03147,881,2021-12-13,688.89,failed
PAY03148,61,2025-03-06,878.78,completed
PAY03149,39,2022-03-02,1653.18,completed
PAY03150,445,2022-07-19,714.79,failed
PAY03151,716,2020-10-06,1547.15,failed
PAY03152,1000,2021-04-19,225.88,completed
PAY03153,534,2022-03-20,1714.35,failed
PAY03154,624,2025-02-20,1748.59,pending
PAY03155,259,2020-09-21,1132.54,failed
PAY03156,915,2024-09-10,761.93,failed
PAY03157,992,2021-05-11,1041.24,completed
PAY03158,152,2023-03-10,563.92,failed
PAY03159,980,2024-12-17,1553.8,failed
PAY03160,982,2022-08-05,348.71,pending
PAY03161,706,2022-04-05,1298.65,pending
PAY03162,875,2023-02-21,1584.08,pending
PAY03163,772,2024-06-06,230.35,failed
PAY03164,612,2023-03-21,1825.21,failed
PAY03165,747,2020-10-16,972.85,pending
PAY03166,72,2022-07-22,1934.96,completed
PAY03167,255,2024-11-27,122.23,failed
PAY03168,275,2024-01-09,733.47,failed
PAY03169,558,2022-01-27,483.26,failed
PAY03170,337,2022-03-15,973.64,pending
PAY03171,421,2023-11-21,103.97,failed
PAY03172,589,2024-11-13,943.83,failed
PAY03173,798,2023-06-15,859.54,failed
PAY03174,103,2024-09-30,448.59,pending
PAY03175,107,2021-02-22,399.43,pending
PAY03176,314,2024-02-29,1145.21,completed
PAY03177,80,2020-08-26,1866.62,failed
PAY03178,436,2024-12-28,1127.71,failed
PAY03179,74,2022-12-08,1701.0,failed
PAY03180,723,2020-10-20,1621.42,completed
PAY03181,902,2023-02-14,1554.4,pending
PAY03182,292,2025-01-09,1935.33,failed
PAY03183,754,2025-05-12,1729.84,completed
PAY03184,308,2020-12-27,1009.67,completed
PAY03185,25,2023-01-27,287.83,failed
PAY03186,184,2024-09-05,873.61,completed
PAY03187,730,2023-04-19,1281.08,failed
PAY03188,666,2025-06-04,728.22,failed
PAY03189,41,2022-04-07,996.49,failed
PAY03190,906,2024-12-02,1245.25,completed
PAY03191,246,2025-01-08,1515.19,failed
PAY03192,918,2022-08-11,287.29,completed
PAY03193,433,2024-04-21,547.96,pending
PAY03194,871,2022-11-16,1744.99,failed
PAY03195,641,2021-06-20,141.58,pending
PAY03196,139,2024-10-30,1662.74,pending
PAY03197,153,2025-03-02,347.59,pending
PAY03198,275,2023-07-14,702.78,pending
PAY03199,506,2020-12-04,590.0,completed
PAY03200,368,2023-04-18,315.41,completed
PAY03201,158,2022-07-01,1299.08,pending
PAY03202,514,2021-11-20,278.91,failed
PAY03203,186,2024-10-17,150.13,completed
PAY03204,73,2020-12-09,416.06,pending
PAY03205,785,2024-07-01,1168.09,completed
PAY03206,226,2025-03-20,491.67,completed
PAY03207,320,2021-03-23,548.16,pending
PAY03208,838,2023-06-17,1219.81,completed
PAY03209,38,2022-11-23,668.21,failed
PAY03210,211,2024-05-11,422.61,completed
PAY03211,111,2024-11-04,1350.56,pending
PAY03212,498,2023-01-30,756.3,pending
PAY03213,822,2022-01-30,192.12,pending
PAY03214,284,2024-09-20,566.93,completed
PAY03215,182,2022-01-13,967.03,failed
PAY03216,143,2023-06-29,1437.24,pending
PAY03217,166,2023-04-21,494.56,completed
PAY03218,607,2022-06-02,1823.98,completed
PAY03219,852,2024-03-12,91.01,completed
PAY03220,432,2021-04-05,381.93,failed
PAY03221,474,2024-10-16,1579.93,pending
PAY03222,102,2025-06-09,792.96,completed
PAY03223,125,2023-02-22,1390.36,completed
PAY03224,132,2020-09-24,1347.75,failed
PAY03225,617,2021-01-31,1935.41,failed
PAY03226,23,2025-06-07,1357.66,pending
PAY03227,858,2024-03-28,1333.98,completed
PAY03228,514,2020-10-04,1769.1,failed
PAY03229,231,2023-04-15,1221.51,pending
PAY03230,716,2020-08-16,344.63,pending
PAY03231,887,2022-09-25,769.38,pending
PAY03232,60,2021-04-02,422.78,completed
PAY03233,545,2025-04-09,1475.47,completed
PAY03234,873,2023-04-06,1993.13,failed
PAY03235,279,2022-09-28,1374.16,pending
PAY03236,129,2022-05-22,1799.89,completed
PAY03237,635,2024-11-07,449.47,failed
PAY03238,644,2024-01-07,215.09,failed
PAY03239,503,2022-05-27,615.85,failed
PAY03240,334,2022-08-23,365.77,pending
PAY03241,620,2022-02-04,1613.02,pending
PAY03242,178,2021-10-08,1090.95,completed
PAY03243,687,2023-09-03,1270.91,pending
PAY03244,506,2024-05-29,1906.0,pending
PAY03245,617,2022-09-29,1746.3,pending
PAY03246,934,2025-08-06,1817.39,failed
PAY03247,203,2022-09-27,326.34,pending
PAY03248,755,2023-02-07,1397.69,failed
PAY03249,734,2023-12-01,1683.25,completed
PAY03250,8,2023-06-14,444.19,pending
PAY03251,701,2021-03-18,1193.79,completed
PAY03252,958,2023-06-19,1398.28,pending
PAY03253,389,2021-02-13,1227.75,failed
PAY03254,738,2021-10-20,550.94,completed
PAY03255,127,2024-09-26,1996.77,completed
PAY03256,810,2021-08-17,279.15,failed
PAY03257,231,2021-11-29,494.52,failed
PAY03258,184,2021-12-27,1710.56,completed
PAY03259,512,2022-09-15,626.22,completed
PAY03260,226,2023-07-04,1191.44,completed
PAY03261,341,2023-09-11,82.57,pending
PAY03262,87,2025-08-15,1596.04,failed
PAY03263,977,2022-12-24,436.04,pending
PAY03264,790,2024-11-19,1315.05,pending
PAY03265,58,2021-06-16,1598.85,pending
PAY03266,466,2025-04-11,830.76,failed
PAY03267,918,2025-01-22,1613.6,completed
PAY03268,951,2020-12-24,1029.78,completed
PAY03269,836,2021-07-06,1828.97,failed
PAY03270,807,2021-01-27,1409.08,completed
PAY03271,768,2022-07-19,560.06,completed
PAY03272,116,2022-09-05,323.51,pending
PAY03273,534,2021-12-12,1594.07,pending
PAY03274,349,2024-06-17,573.21,completed
PAY03275,310,2022-03-18,992.82,pending
PAY03276,570,2024-09-10,1494.71,failed
PAY03277,270,2022-05-16,1434.31,failed
PAY03278,565,2021-05-13,1741.16,failed
PAY03279,223,2021-07-12,1282.12,completed
PAY03280,153,2025-03-01,887.21,pending
PAY03281,239,2022-04-21,1863.02,completed
PAY03282,295,2025-02-14,54.19,pending
PAY03283,889,2025-06-02,90.64,completed
PAY03284,636,2021-05-08,269.22,pending
PAY03285,424,2025-05-01,1847.39,completed
PAY03286,322,2020-09-12,257.42,failed
PAY03287,931,2022-05-16,507.02,pending
PAY03288,166,2021-02-26,483.49,completed
PAY03289,541,2023-06-27,1731.01,failed
PAY03290,355,2021-06-06,1896.85,failed
PAY03291,940,2020-09-15,218.76,completed
PAY03292,99,2024-01-28,1753.57,failed
PAY03293,591,2022-10-31,1632.09,completed
PAY03294,805,2024-10-23,566.19,pending
PAY03295,176,2020-11-10,1466.14,pending
PAY03296,114,2024-01-19,1722.57,completed
PAY03297,290,2021-08-21,809.77,pending
PAY03298,3,2023-03-08,1474.6,failed
PAY03299,219,2025-07-16,1430.0,completed
PAY03300,665,2024-03-31,1632.91,failed
PAY03301,151,2021-10-21,1772.8,failed
PAY03302,126,2024-08-20,496.27,pending
PAY03303,588,2024-04-13,1439.77,failed
PAY03304,451,2021-08-24,1528.37,pending
PAY03305,265,2024-01-14,484.45,pending
PAY03306,899,2022-11-11,1183.25,failed
PAY03307,744,2024-04-03,1643.64,pending
PAY03308,700,2020-10-21,1081.53,failed
PAY03309,536,2022-03-08,1878.83,failed
PAY03310,32,2025-02-17,1232.99,pending
PAY03311,182,2023-11-12,1100.14,pending
PAY03312,854,2025-01-11,94.52,failed
PAY03313,770,2020-10-11,1590.54,failed
PAY03314,954,2021-10-13,642.23,completed
PAY03315,744,2023-03-08,756.2,completed
PAY03316,65,2021-11-06,1795.58,failed
PAY03317,398,2023-08-04,270.42,pending
PAY03318,670,2022-08-03,1220.36,failed
PAY03319,960,2022-08-14,1805.78,completed
PAY03320,175,2025-01-27,516.6,failed
PAY03321,642,2023-06-05,573.05,pending
PAY03322,209,2024-07-05,834.36,completed
PAY03323,451,2023-02-16,229.76,pending
PAY03324,166,2020-12-20,1791.6,completed
PAY03325,478,2021-08-08,1774.64,completed
PAY03326,505,2023-03-12,1500.2,failed
PAY03327,108,2023-11-10,645.62,pending
PAY03328,976,2024-07-14,1331.6,failed
PAY03329,928,2024-01-12,1510.19,pending
PAY03330,594,2023-09-01,86.15,failed
PAY03331,794,2025-01-16,636.38,completed
PAY03332,674,2024-02-25,1136.76,failed
PAY03333,385,2022-09-27,1441.89,pending
PAY03334,489,2023-06-06,1391.05,failed
PAY03335,31,2023-08-20,1257.02,pending
PAY03336,662,2020-10-09,321.14,failed
PAY03337,243,2024-09-22,1965.33,completed
PAY03338,97,2023-06-29,1825.33,completed
PAY03339,124,2021-11-27,786.68,pending
PAY03340,363,2022-08-01,1313.76,failed
PAY03341,332,2022-08-27,1331.83,pending
PAY03342,130,2021-06-26,1429.96,pending
PAY03343,449,2025-01-17,400.93,completed
PAY03344,127,2024-11-07,1343.92,completed
PAY03345,767,2022-07-01,179.46,completed
PAY03346,126,2023-12-07,153.96,completed
PAY03347,147,2024-11-05,1106.32,failed
PAY03348,745,2025-06-06,1113.88,completed
PAY03349,572,2022-04-04,810.35,pending
PAY03350,300,2022-02-07,547.4,failed
PAY03351,841,2023-11-10,308.22,failed
PAY03352,679,2021-01-09,1249.18,pending
PAY03353,949,2024-01-12,1920.89,pending
PAY03354,503,2021-02-16,179.48,failed
PAY03355,750,2022-06-11,222.78,completed
PAY03356,483,2021-04-27,1402.91,failed
PAY03357,120,2025-02-06,518.63,failed
PAY03358,488,2024-02-15,1290.27,failed
PAY03359,208,2021-02-01,384.96,completed
PAY03360,513,2021-03-13,1009.22,completed
PAY03361,419,2022-07-23,1734.64,pending
PAY03362,497,2023-08-04,1838.71,failed
PAY03363,884,2024-05-31,595.21,failed
PAY03364,938,2024-09-03,535.5,completed
PAY03365,556,2022-04-10,653.74,failed
PAY03366,41,2025-01-01,842.39,failed
PAY03367,516,2021-11-27,617.18,completed
PAY03368,470,2023-01-30,1682.92,completed
PAY03369,195,2022-08-29,1314.11,pending
PAY03370,41,2023-04-14,553.22,completed
PAY03371,880,2021-11-05,1547.97,completed
PAY03372,778,2020-10-20,371.15,pending
PAY03373,36,2020-10-15,1055.73,pending
PAY03374,472,2024-02-04,750.49,pending
PAY03375,893,2021-05-31,905.82,pending
PAY03376,389,2022-08-08,1384.42,pending
PAY03377,2,2022-09-12,137.21,failed
PAY03378,284,2021-01-13,147.57,pending
PAY03379,506,2023-06-18,462.8,failed
PAY03380,88,2021-12-11,1976.58,failed
PAY03381,198,2022-01-13,1401.73,completed
PAY03382,311,2022-10-22,445.62,failed
PAY03383,494,2024-05-02,1365.32,completed
PAY03384,67,2022-07-30,1134.6,pending
PAY03385,678,2021-08-15,377.21,failed
PAY03386,14,2020-08-27,1521.8,failed
PAY03387,83,2023-12-03,344.44,failed
PAY03388,188,2021-05-21,1213.7,completed
PAY03389,517,2024-11-08,1971.62,failed
PAY03390,876,2023-10-09,681.74,failed
PAY03391,961,2021-07-15,1682.97,failed
PAY03392,340,2024-02-21,1524.52,pending
PAY03393,658,2023-08-25,1185.08,failed
PAY03394,209,2024-09-25,626.27,pending
PAY03395,124,2022-10-17,597.35,pending
PAY03396,369,2022-05-16,1648.05,completed
PAY03397,90,2024-04-26,964.25,completed
PAY03398,974,2022-09-15,211.06,completed
PAY03399,214,2025-05-07,152.57,pending
PAY03400,663,2020-08-27,723.46,failed
PAY03401,475,2023-09-28,1429.11,pending
PAY03402,986,2023-02-16,1688.39,completed
PAY03403,142,2021-02-03,940.5,completed
PAY03404,357,2024-10-11,1460.12,failed
PAY03405,279,2023-03-27,442.5,completed
PAY03406,75,2024-12-09,1877.12,pending
PAY03407,786,2021-10-03,1274.14,pending
PAY03408,451,2024-10-08,194.11,failed
PAY03409,445,2024-02-14,1479.16,pending
PAY03410,183,2024-03-31,825.07,failed
PAY03411,328,2021-04-13,1587.41,completed
PAY03412,64,2021-03-20,1530.89,pending
PAY03413,834,2020-11-12,1085.09,pending
PAY03414,976,2022-03-12,465.23,pending
PAY03415,382,2022-04-26,601.55,pending
PAY03416,440,2021-08-23,120.46,completed
PAY03417,220,2021-04-27,976.69,pending
PAY03418,832,2023-02-10,1570.19,pending
PAY03419,620,2020-12-01,1848.44,failed
PAY03420,210,2023-11-02,152.76,failed
PAY03421,153,2024-08-13,85.61,completed
PAY03422,311,2023-09-15,1722.16,failed
PAY03423,293,2023-09-17,1028.49,failed
PAY03424,300,2023-03-28,995.24,completed
PAY03425,105,2024-02-27,545.74,pending
PAY03426,55,2022-04-10,377.05,failed
PAY03427,655,2024-02-03,1673.09,completed
PAY03428,60,2022-01-13,1121.78,failed
PAY03429,926,2021-02-28,1057.34,completed
PAY03430,313,2025-01-30,1339.14,failed
PAY03431,592,2022-04-10,1825.67,pending
PAY03432,902,2025-06-21,1989.02,completed
PAY03433,270,2022-07-15,495.17,pending
PAY03434,597,2023-10-18,518.83,pending
PAY03435,790,2025-04-11,373.7,failed
PAY03436,197,2023-01-13,1307.05,pending
PAY03437,208,2024-09-23,672.12,pending
PAY03438,294,2022-06-01,1518.78,pending
PAY03439,933,2020-12-17,118.4,completed
PAY03440,342,2021-04-14,534.4,pending
PAY03441,947,2021-11-14,1327.52,completed
PAY03442,723,2025-04-07,599.78,completed
PAY03443,432,2020-09-19,1595.92,pending
PAY03444,147,2021-02-11,1867.3,completed
PAY03445,982,2021-01-16,1526.96,pending
PAY03446,436,2022-01-02,1762.21,completed
PAY03447,931,2024-09-19,1919.56,failed
PAY03448,119,2023-06-20,1013.01,completed
PAY03449,561,2025-06-09,1271.93,pending
PAY03450,336,2025-04-15,1453.92,failed
PAY03451,852,2022-12-07,85.19,completed
PAY03452,786,2024-11-05,1137.23,failed
PAY03453,848,2021-12-13,1435.98,failed
PAY03454,74,2024-12-18,1646.95,completed
PAY03455,619,2024-12-16,932.83,pending
PAY03456,120,2024-03-14,335.86,pending
PAY03457,663,2021-04-14,963.53,pending
PAY03458,283,2022-01-14,200.97,pending
PAY03459,671,2022-09-27,1925.93,completed
PAY03460,692,2023-03-10,720.25,failed
PAY03461,205,2020-08-15,1378.88,pending
PAY03462,741,2025-05-20,923.15,failed
PAY03463,106,2022-07-08,1766.12,failed
PAY03464,37,2023-07-07,873.67,pending
PAY03465,163,2024-09-09,1924.9,failed
PAY03466,18,2024-07-09,1162.25,pending
PAY03467,542,2025-03-10,1582.13,failed
PAY03468,898,2022-10-28,110.26,pending
PAY03469,290,2021-05-24,1469.5,completed
PAY03470,156,2021-02-14,1364.35,completed
PAY03471,835,2025-04-12,1650.11,pending
PAY03472,749,2020-11-19,531.8,failed
PAY03473,699,2020-12-24,224.26,failed
PAY03474,469,2023-12-20,1272.93,pending
PAY03475,643,2025-04-26,661.62,failed
PAY03476,726,2024-03-12,1288.78,pending
PAY03477,65,2023-11-23,1358.92,completed
PAY03478,678,2021-06-02,1972.55,pending
PAY03479,825,2020-10-15,990.66,completed
PAY03480,692,2025-02-25,1033.16,completed
PAY03481,135,2021-06-30,1477.42,completed
PAY03482,946,2024-05-03,421.38,completed
PAY03483,562,2022-03-15,705.81,failed
PAY03484,54,2021-12-12,999.2,pending
PAY03485,733,2021-01-21,928.99,completed
PAY03486,262,2024-03-16,1949.34,completed
PAY03487,34,2023-06-07,853.0,completed
PAY03488,175,2023-08-18,1512.69,failed
PAY03489,456,2021-08-28,162.53,pending
PAY03490,877,2022-01-24,1251.83,failed
PAY03491,57,2021-01-29,368.42,pending
PAY03492,786,2021-11-22,553.6,completed
PAY03493,975,2024-03-19,377.43,pending
PAY03494,579,2023-12-27,1953.78,failed
PAY03495,722,2023-01-31,1093.65,completed
PAY03496,29,2025-05-26,1204.46,completed
PAY03497,971,2025-05-23,979.77,completed
PAY03498,247,2023-10-15,1081.33,completed
PAY03499,851,2021-10-20,1684.62,completed
PAY03500,596,2022-08-30,441.03,completed
PAY03501,118,2021-12-20,1533.18,pending
PAY03502,146,2022-07-26,1244.9,failed
PAY03503,252,2022-04-03,1883.16,pending
PAY03504,621,2023-02-01,1730.2,pending
PAY03505,967,2023-11-28,433.74,completed
PAY03506,93,2023-09-13,1105.43,failed
PAY03507,109,2021-11-03,1629.25,pending
PAY03508,563,2025-04-19,597.48,pending
PAY03509,53,2023-01-15,1913.11,completed
PAY03510,577,2022-09-27,1408.89,failed
PAY03511,464,2023-12-11,1829.29,pending
PAY03512,715,2021-04-15,818.73,failed
PAY03513,448,2020-12-01,445.76,pending
PAY03514,88,2021-08-09,518.32,pending
PAY03515,412,2023-09-28,1918.92,completed
PAY03516,11,2020-12-10,198.51,failed
PAY03517,214,2025-05-10,304.48,failed
PAY03518,385,2025-02-05,457.07,pending
PAY03519,349,2021-01-05,1891.23,failed
PAY03520,650,2020-10-16,1439.18,completed
PAY03521,971,2022-08-12,1842.25,failed
PAY03522,768,2024-11-10,99.61,completed
PAY03523,935,2021-04-28,1305.18,failed
PAY03524,136,2023-07-25,1657.32,failed
PAY03525,638,2023-06-03,1512.43,completed
PAY03526,439,2020-08-30,1982.97,failed
PAY03527,693,2022-11-13,1750.41,failed
PAY03528,417,2022-04-15,366.06,completed
PAY03529,712,2023-10-01,679.64,completed
PAY03530,73,2025-06-23,530.92,pending
PAY03531,696,2022-04-24,723.18,failed
PAY03532,262,2022-03-22,790.85,pending
PAY03533,360,2021-06-22,525.4,completed
PAY03534,172,2024-11-03,518.55,pending
PAY03535,683,2022-04-27,983.19,pending
PAY03536,183,2020-09-14,777.34,failed
PAY03537,804,2024-04-11,1839.25,completed
PAY03538,649,2021-01-02,1734.72,pending
PAY03539,614,2025-06-28,611.47,completed
PAY03540,667,2024-04-19,1914.7,completed
PAY03541,5,2022-08-20,1252.17,completed
PAY03542,715,2022-08-17,955.35,completed
PAY03543,65,2024-03-09,467.24,completed
PAY03544,201,2021-04-06,1067.92,completed
PAY03545,983,2021-05-22,1148.94,failed
PAY03546,524,2022-12-04,1960.35,failed
PAY03547,873,2024-07-19,1336.53,completed
PAY03548,109,2023-11-24,165.34,failed
PAY03549,69,2023-05-09,877.45,completed
PAY03550,972,2023-11-20,1308.05,pending
PAY03551,821,2024-12-28,971.59,completed
PAY03552,933,2021-04-05,557.24,pending
PAY03553,812,2023-07-22,1525.38,failed
PAY03554,949,2023-03-28,624.48,pending
PAY03555,745,2021-12-02,1262.95,pending
PAY03556,822,2024-05-20,758.24,completed
PAY03557,511,2024-11-28,599.11,completed
PAY03558,616,2024-07-16,866.19,pending
PAY03559,177,2020-09-07,1134.3,completed
PAY03560,163,2023-05-09,1155.57,completed
PAY03561,234,2021-11-04,1800.32,pending
PAY03562,220,2021-03-19,1260.72,failed
PAY03563,624,2020-08-24,1050.46,pending
PAY03564,382,2022-11-04,689.26,completed
PAY03565,393,2025-07-29,1327.43,completed
PAY03566,649,2020-08-29,772.1,pending
PAY03567,62,2023-04-10,1416.54,completed
PAY03568,794,2024-04-13,354.23,completed
PAY03569,308,2024-12-15,1606.11,completed
PAY03570,104,2023-04-02,975.92,completed
PAY03571,295,2021-06-06,1831.35,pending
PAY03572,725,2022-12-09,415.06,pending
PAY03573,70,2021-08-20,1185.18,completed
PAY03574,317,2021-10-25,1527.14,completed
PAY03575,211,2024-11-17,1034.0,failed
PAY03576,90,2023-06-01,1071.5,failed
PAY03577,733,2023-04-04,1927.5,failed
PAY03578,736,2021-09-08,958.32,completed
PAY03579,953,2024-06-16,1855.87,pending
PAY03580,243,2021-11-23,141.53,pending
PAY03581,245,2020-09-30,1922.81,failed
PAY03582,584,2024-04-10,1320.32,pending
PAY03583,596,2024-09-09,500.53,completed
PAY03584,938,2022-09-12,533.45,failed
PAY03585,403,2025-05-07,1007.52,failed
PAY03586,589,2023-07-11,1134.18,pending
PAY03587,961,2024-09-01,1499.11,failed
PAY03588,787,2022-08-09,555.53,pending
PAY03589,395,2022-01-16,1750.32,completed
PAY03590,169,2022-11-20,591.83,pending
PAY03591,58,2022-07-04,54.82,completed
PAY03592,864,2025-07-10,827.4,completed
PAY03593,772,2025-03-03,1052.27,failed
PAY03594,480,2022-11-01,1342.4,completed
PAY03595,33,2024-02-10,1923.79,failed
PAY03596,910,2023-09-28,1219.96,failed
PAY03597,494,2022-09-08,1129.74,pending
PAY03598,296,2022-08-22,1333.18,failed
PAY03599,100,2022-08-10,1707.54,completed
PAY03600,853,2024-07-01,232.0,pending
PAY03601,985,2025-03-21,1504.93,completed
PAY03602,491,2022-01-29,1252.29,pending
PAY03603,327,2024-08-04,818.48,completed
PAY03604,739,2021-12-13,151.6,failed
PAY03605,384,2020-10-18,110.26,pending
PAY03606,543,2024-08-02,1203.03,failed
PAY03607,338,2024-07-17,1434.01,completed
PAY03608,541,2024-03-13,1055.55,pending
PAY03609,104,2025-04-20,470.87,failed
PAY03610,746,2021-10-22,355.7,pending
PAY03611,923,2021-02-18,784.35,failed
PAY03612,973,2021-06-03,1331.98,completed
PAY03613,882,2023-02-22,758.03,failed
PAY03614,678,2024-11-28,932.6,failed
PAY03615,92,2025-05-03,1611.03,pending
PAY03616,602,2021-08-01,355.86,failed
PAY03617,96,2024-07-30,796.69,failed
PAY03618,128,2024-08-20,857.8,completed
PAY03619,918,2021-09-05,1755.25,failed
PAY03620,191,2023-06-14,894.09,pending
PAY03621,338,2025-07-20,1184.59,pending
PAY03622,333,2024-10-17,459.93,completed
PAY03623,746,2023-10-30,1127.4,failed
PAY03624,509,2022-06-16,114.99,failed
PAY03625,512,2025-03-09,159.81,pending
PAY03626,239,2022-05-25,1532.14,completed
PAY03627,463,2020-12-19,966.1,completed
PAY03628,955,2021-08-23,165.47,completed
PAY03629,69,2020-12-15,1293.98,pending
PAY03630,31,2025-07-30,1717.1,completed
PAY03631,328,2023-12-03,1198.47,pending
PAY03632,501,2024-08-18,1051.46,failed
PAY03633,564,2025-06-08,1306.6,failed
PAY03634,295,2025-02-21,57.39,pending
PAY03635,102,2024-01-19,1129.99,pending
PAY03636,128,2021-01-13,779.33,completed
PAY03637,504,2024-08-10,104.11,completed
PAY03638,236,2024-05-22,122.57,completed
PAY03639,872,2021-04-01,1983.73,pending
PAY03640,841,2024-10-27,1948.37,failed
PAY03641,973,2021-08-04,1245.64,failed
PAY03642,530,2023-12-25,1435.28,completed
PAY03643,84,2022-05-19,246.52,completed
PAY03644,344,2023-12-13,1625.61,pending
PAY03645,65,2020-11-04,1980.34,completed
PAY03646,113,2023-05-28,1298.32,completed
PAY03647,995,2024-09-18,595.72,completed
PAY03648,811,2021-04-18,244.93,failed
PAY03649,337,2021-10-17,1889.83,pending
PAY03650,337,2022-10-21,1800.3,completed
PAY03651,74,2024-03-05,1413.48,pending
PAY03652,922,2023-09-14,781.66,pending
PAY03653,775,2025-06-26,1013.78,failed
PAY03654,93,2023-12-26,727.64,failed
PAY03655,673,2022-06-05,1793.16,pending
PAY03656,504,2022-12-23,834.03,completed
PAY03657,349,2022-10-18,355.16,completed
PAY03658,315,2024-12-09,1861.2,failed
PAY03659,719,2025-05-22,1658.75,completed
PAY03660,542,2025-01-10,634.55,failed
PAY03661,207,2021-05-06,1283.52,pending
PAY03662,967,2022-06-06,975.83,pending
PAY03663,185,2021-05-04,1294.86,completed
PAY03664,869,2021-08-29,1507.86,failed
PAY03665,994,2024-02-29,1438.13,failed
PAY03666,808,2023-04-02,83.93,failed
PAY03667,894,2022-09-26,1143.65,pending
PAY03668,844,2024-02-21,1578.55,completed
PAY03669,596,2021-02-16,287.33,failed
PAY03670,995,2024-03-02,447.28,pending
PAY03671,103,2024-04-08,583.67,completed
PAY03672,467,2023-11-17,1291.05,completed
PAY03673,172,2022-08-25,699.87,pending
PAY03674,190,2021-07-21,1072.49,completed
PAY03675,155,2022-05-03,814.3,pending
PAY03676,740,2020-11-16,1536.63,failed
PAY03677,439,2024-11-25,1547.29,completed
PAY03678,587,2025-06-29,736.09,pending
PAY03679,884,2022-02-21,1927.59,completed
PAY03680,913,2022-02-02,218.28,completed
PAY03681,816,2023-06-28,1471.88,completed
PAY03682,883,2025-08-14,1409.31,completed
PAY03683,704,2023-07-23,301.34,failed
PAY03684,563,2021-02-15,1897.04,completed
PAY03685,916,2023-12-17,1025.41,pending
PAY03686,691,2023-10-12,846.16,completed
PAY03687,711,2024-09-05,1502.93,pending
PAY03688,885,2023-03-01,813.83,failed
PAY03689,209,2025-05-01,64.45,failed
PAY03690,765,2024-01-20,1718.64,pending
PAY03691,526,2023-11-06,97.46,failed
PAY03692,611,2021-09-13,1256.98,pending
PAY03693,492,2021-09-25,935.07,completed
PAY03694,354,2022-12-13,1963.34,failed
PAY03695,99,2021-05-29,1747.5,pending
PAY03696,775,2021-04-03,790.26,pending
PAY03697,253,2025-01-19,1277.28,failed
PAY03698,726,2024-01-08,761.33,completed
PAY03699,189,2025-03-19,1997.47,completed
PAY03700,387,2023-01-24,1423.89,pending
PAY03701,4,2024-05-28,352.25,failed
PAY03702,93,2023-08-01,1202.4,completed
PAY03703,651,2021-05-03,1819.42,completed
PAY03704,780,2024-07-29,987.89,pending
PAY03705,918,2023-03-18,1526.72,completed
PAY03706,986,2021-02-07,902.52,failed
PAY03707,720,2024-08-29,717.55,completed
PAY03708,937,2023-02-16,541.87,failed
PAY03709,269,2022-05-11,1206.95,completed
PAY03710,560,2024-08-04,856.76,pending
PAY03711,883,2025-04-28,375.64,completed
PAY03712,206,2022-05-26,670.89,pending
PAY03713,572,2023-04-29,1872.37,pending
PAY03714,728,2021-04-11,1570.56,completed
PAY03715,112,2025-06-01,1424.23,failed
PAY03716,206,2022-03-10,1286.05,failed
PAY03717,785,2024-12-25,76.71,failed
PAY03718,894,2024-08-20,1746.47,pending
PAY03719,796,2023-01-08,1885.12,failed
PAY03720,408,2024-10-05,876.68,completed
PAY03721,633,2021-10-14,930.98,pending
PAY03722,690,2023-08-22,864.6,pending
PAY03723,793,2020-10-30,1609.36,pending
PAY03724,617,2024-09-15,1013.87,failed
PAY03725,51,2023-11-26,229.11,failed
PAY03726,830,2024-09-03,232.53,failed
PAY03727,34,2023-02-23,1304.04,failed
PAY03728,175,2022-02-24,1099.34,completed
PAY03729,490,2025-02-23,1510.56,pending
PAY03730,160,2020-10-26,1884.18,failed
PAY03731,347,2023-08-24,625.85,completed
PAY03732,614,2025-06-25,1428.91,pending
PAY03733,270,2023-05-30,1749.6,pending
PAY03734,88,2024-05-02,1769.67,completed
PAY03735,307,2024-03-30,1520.82,completed
PAY03736,743,2022-06-29,783.42,failed
PAY03737,121,2021-04-12,1125.01,pending
PAY03738,621,2024-03-15,743.09,pending
PAY03739,263,2023-03-01,1281.33,failed
PAY03740,729,2024-04-06,295.72,failed
PAY03741,907,2023-06-23,72.27,failed
PAY03742,492,2022-05-10,1822.27,completed
PAY03743,463,2024-04-07,1272.85,completed
PAY03744,470,2025-06-05,238.21,pending
PAY03745,570,2023-07-04,931.34,completed
PAY03746,644,2020-10-07,193.64,failed
PAY03747,747,2025-03-27,806.9,completed
PAY03748,627,2024-09-07,1541.2,failed
PAY03749,159,2023-05-08,1394.59,failed
PAY03750,607,2021-11-14,1363.51,completed
PAY03751,237,2025-08-08,758.04,failed
PAY03752,893,2021-07-28,1319.68,pending
PAY03753,99,2021-03-16,894.98,pending
PAY03754,661,2021-09-19,1596.73,failed
PAY03755,344,2021-05-13,1532.61,completed
PAY03756,358,2024-05-08,1654.27,failed
PAY03757,873,2024-10-26,1257.27,failed
PAY03758,334,2023-09-19,1090.42,pending
PAY03759,601,2023-10-12,1486.01,failed
PAY03760,349,2025-06-05,457.05,failed
PAY03761,621,2023-10-13,549.42,pending
PAY03762,366,2022-09-03,1290.55,pending
PAY03763,188,2021-06-28,1688.16,failed
PAY03764,920,2024-11-16,1835.58,pending
PAY03765,460,2022-09-12,874.18,completed
PAY03766,231,2022-09-19,1660.28,failed
PAY03767,951,2025-04-11,1103.26,failed
PAY03768,599,2020-10-17,1600.26,pending
PAY03769,21,2024-05-06,1606.91,completed
PAY03770,836,2025-07-17,666.26,pending
PAY03771,930,2023-06-08,908.93,pending
PAY03772,821,2021-06-05,377.15,pending
PAY03773,91,2024-02-24,1790.35,failed
PAY03774,617,2025-01-22,1977.4,failed
PAY03775,128,2023-06-21,1314.3,failed
PAY03776,857,2023-05-22,1603.85,failed
PAY03777,498,2022-09-04,1582.66,completed
PAY03778,185,2023-11-07,1666.42,pending
PAY03779,468,2022-04-21,71.64,failed
PAY03780,233,2023-12-06,524.77,completed
PAY03781,481,2020-11-19,1610.51,pending
PAY03782,257,2025-03-30,935.22,completed
PAY03783,152,2022-01-29,347.33,failed
PAY03784,68,2021-11-05,350.04,failed
PAY03785,756,2023-07-07,930.42,completed
PAY03786,88,2021-01-16,596.66,pending
PAY03787,151,2022-10-06,1186.43,failed
PAY03788,164,2024-07-12,352.04,failed
PAY03789,69,2023-01-16,946.35,completed
PAY03790,94,2024-08-25,1146.78,failed
PAY03791,740,2024-07-29,1178.43,pending
PAY03792,84,2020-10-23,1525.16,completed
PAY03793,436,2021-04-28,1996.93,pending
PAY03794,980,2021-11-23,1281.97,pending
PAY03795,76,2025-02-06,1633.98,completed
PAY03796,690,2022-07-23,1212.11,completed
PAY03797,204,2022-07-24,1167.55,failed
PAY03798,125,2023-02-21,1519.83,failed
PAY03799,291,2023-06-02,187.75,failed
PAY03800,456,2023-01-02,910.73,completed
PAY03801,300,2022-09-25,710.01,completed
PAY03802,995,2025-07-07,72.0,failed
PAY03803,904,2021-03-02,224.28,pending
PAY03804,40,2024-07-06,1432.9,completed
PAY03805,856,2021-05-14,950.66,completed
PAY03806,991,2024-10-11,1116.76,completed
PAY03807,308,2021-03-08,533.02,pending
PAY03808,80,2022-07-24,558.53,pending
PAY03809,556,2021-10-17,1170.23,completed
PAY03810,625,2021-04-22,1406.02,completed
PAY03811,268,2023-10-02,651.05,completed
PAY03812,212,2023-09-08,660.89,pending
PAY03813,274,2025-02-21,928.44,pending
PAY03814,9,2021-03-16,977.04,pending
PAY03815,58,2022-09-28,936.2,completed
PAY03816,473,2024-03-21,1000.44,completed
PAY03817,59,2021-09-13,639.91,completed
PAY03818,265,2023-08-24,137.85,completed
PAY03819,980,2024-09-29,1875.01,failed
PAY03820,882,2022-05-12,386.63,pending
PAY03821,66,2023-06-15,145.26,failed
PAY03822,533,2025-06-09,1187.14,completed
PAY03823,144,2021-09-18,738.92,failed
PAY03824,908,2024-02-14,330.15,failed
PAY03825,459,2023-08-04,848.64,failed
PAY03826,652,2023-08-19,612.73,completed
PAY03827,376,2023-10-17,1962.42,failed
PAY03828,952,2021-03-01,1239.52,pending
PAY03829,647,2022-08-16,1760.96,completed
PAY03830,774,2022-11-22,475.68,completed
PAY03831,99,2025-01-26,1807.73,failed
PAY03832,509,2024-04-23,1019.89,completed
PAY03833,639,2023-01-08,909.12,completed
PAY03834,752,2025-04-08,1490.51,failed
PAY03835,822,2020-10-30,1112.66,pending
PAY03836,500,2021-04-25,1099.95,pending
PAY03837,165,2021-08-08,875.68,completed
PAY03838,776,2022-06-07,680.68,completed
PAY03839,909,2023-02-13,1987.68,failed
PAY03840,702,2023-09-27,1098.38,completed
PAY03841,947,2023-03-19,915.98,failed
PAY03842,346,2023-08-03,609.29,pending
PAY03843,250,2024-11-25,391.39,pending
PAY03844,411,2025-08-10,727.48,failed
PAY03845,310,2025-06-29,1000.52,pending
PAY03846,698,2025-03-21,917.62,pending
PAY03847,785,2021-09-06,1213.43,failed
PAY03848,944,2025-03-20,1195.03,completed
PAY03849,467,2021-03-18,938.52,completed
PAY03850,986,2023-09-13,747.29,failed
PAY03851,459,2024-10-06,1582.13,failed
PAY03852,26,2023-11-26,1419.21,completed
PAY03853,985,2021-02-26,182.41,completed
PAY03854,512,2021-08-19,120.25,pending
PAY03855,377,2021-12-03,1695.96,pending
PAY03856,632,2024-06-14,420.41,pending
PAY03857,452,2022-07-16,1205.44,failed
PAY03858,218,2022-09-01,1111.02,failed
PAY03859,578,2020-10-21,1751.09,failed
PAY03860,200,2020-12-02,648.16,completed
PAY03861,851,2022-06-18,310.84,completed
PAY03862,120,2022-04-27,850.76,failed
PAY03863,267,2021-08-18,1419.01,failed
PAY03864,261,2024-09-26,419.02,completed
PAY03865,586,2025-07-23,1008.07,failed
PAY03866,719,2024-11-11,1203.47,failed
PAY03867,994,2022-06-26,1080.54,completed
PAY03868,153,2022-07-03,737.09,completed
PAY03869,20,2023-03-04,1213.48,failed
PAY03870,36,2020-09-01,999.76,failed
PAY03871,858,2025-08-12,1612.3,failed
PAY03872,886,2023-02-04,664.77,completed
PAY03873,773,2023-09-14,1089.02,failed
PAY03874,625,2022-04-17,1359.09,pending
PAY03875,306,2024-03-01,972.39,completed
PAY03876,974,2024-11-28,948.2,completed
PAY03877,241,2024-05-01,1510.71,failed
PAY03878,111,2024-10-25,733.45,completed
PAY03879,126,2021-10-05,210.88,completed
PAY03880,900,2021-08-27,1089.64,completed
PAY03881,591,2023-07-25,603.21,pending
PAY03882,364,2020-11-27,1033.85,completed
PAY03883,692,2024-01-23,1857.63,failed
PAY03884,850,2020-09-03,808.54,pending
PAY03885,680,2024-05-08,1412.21,failed
PAY03886,874,2022-10-31,1887.59,failed
PAY03887,317,2021-08-02,1532.46,pending
PAY03888,6,2023-09-04,1553.95,failed
PAY03889,393,2020-08-24,1258.73,completed
PAY03890,742,2021-11-10,1654.34,failed
PAY03891,402,2024-09-17,1868.93,failed
PAY03892,502,2023-01-13,1040.01,failed
PAY03893,297,2023-06-04,230.06,failed
PAY03894,806,2024-09-11,86.66,failed
PAY03895,249,2022-12-14,1216.66,pending
PAY03896,648,2022-02-12,921.74,pending
PAY03897,723,2023-03-19,1491.62,pending
PAY03898,941,2023-07-22,180.66,completed
PAY03899,761,2021-12-16,958.87,pending
PAY03900,733,2021-06-28,1502.16,failed
PAY03901,936,2025-07-15,664.0,completed
PAY03902,949,2024-09-28,1982.36,failed
PAY03903,300,2023-09-28,488.97,completed
PAY03904,460,2024-10-29,65.69,completed
PAY03905,437,2022-10-20,1955.61,failed
PAY03906,315,2024-06-19,114.11,completed
PAY03907,946,2023-12-11,1338.48,completed
PAY03908,309,2020-09-20,175.96,failed
PAY03909,478,2024-10-17,1408.9,pending
PAY03910,641,2024-12-07,310.01,completed
PAY03911,87,2021-09-30,1166.2,pending
PAY03912,699,2020-09-24,396.99,failed
PAY03913,968,2022-04-25,1490.01,failed
PAY03914,915,2022-11-06,671.36,failed
PAY03915,323,2024-06-26,1937.86,failed
PAY03916,899,2023-01-02,1752.17,completed
PAY03917,870,2021-03-24,885.52,failed
PAY03918,564,2023-03-02,466.67,completed
PAY03919,919,2024-09-26,1801.92,failed
PAY03920,108,2022-03-09,505.76,pending
PAY03921,409,2024-02-25,435.49,pending
PAY03922,974,2020-08-19,64.19,completed
PAY03923,944,2025-07-17,809.84,pending
PAY03924,25,2022-06-16,444.14,pending
PAY03925,935,2023-03-02,550.81,failed
PAY03926,40,2024-06-04,1604.41,failed
PAY03927,216,2024-04-23,1432.39,completed
PAY03928,348,2022-08-09,716.12,pending
PAY03929,294,2022-05-19,1097.64,pending
PAY03930,278,2023-03-14,1138.75,completed
PAY03931,329,2023-12-15,844.52,completed
PAY03932,421,2024-08-03,751.82,completed
PAY03933,897,2025-01-07,94.63,failed
PAY03934,395,2022-10-19,1518.36,completed
PAY03935,720,2022-04-17,431.35,pending
PAY03936,326,2022-05-16,1368.33,completed
PAY03937,79,2024-08-18,1006.67,completed
PAY03938,252,2020-09-26,1787.15,failed
PAY03939,749,2024-07-08,759.79,pending
PAY03940,521,2022-01-10,1722.85,pending
PAY03941,33,2024-10-10,1056.72,completed
PAY03942,623,2022-04-04,1848.65,failed
PAY03943,224,2020-11-02,919.77,failed
PAY03944,961,2025-04-25,815.13,completed
PAY03945,552,2024-05-31,563.3,completed
PAY03946,981,2022-02-22,159.52,failed
PAY03947,644,2022-08-19,492.34,pending
PAY03948,767,2024-09-02,275.95,failed
PAY03949,807,2025-01-15,453.87,pending
PAY03950,164,2021-12-04,159.07,failed
PAY03951,34,2023-07-21,422.77,pending
PAY03952,501,2025-04-06,480.69,completed
PAY03953,801,2022-08-22,879.45,failed
PAY03954,188,2022-12-29,1325.08,completed
PAY03955,948,2021-02-12,1162.15,completed
PAY03956,8,2021-11-25,912.55,failed
PAY03957,702,2022-08-07,674.01,completed
PAY03958,808,2023-12-01,1949.27,pending
PAY03959,695,2025-05-08,1565.68,failed
PAY03960,80,2024-07-25,1660.69,completed
PAY03961,495,2022-11-30,1019.59,failed
PAY03962,803,2021-02-19,1404.84,pending
PAY03963,779,2022-02-13,640.9,failed
PAY03964,729,2022-03-12,1846.09,pending
PAY03965,932,2023-04-14,1565.18,failed
PAY03966,527,2021-09-24,660.23,failed
PAY03967,70,2024-05-31,401.01,completed
PAY03968,508,2025-05-11,1423.58,pending
PAY03969,608,2020-12-03,811.81,completed
PAY03970,926,2024-07-31,546.56,pending
PAY03971,342,2020-09-01,1486.71,pending
PAY03972,192,2024-06-30,1102.44,pending
PAY03973,299,2021-02-06,818.31,failed
PAY03974,445,2025-08-14,575.24,completed
PAY03975,800,2023-01-13,691.7,pending
PAY03976,920,2021-04-26,1683.81,pending
PAY03977,420,2025-05-14,1946.18,pending
PAY03978,440,2021-09-17,935.01,failed
PAY03979,427,2022-06-15,1250.65,failed
PAY03980,404,2021-11-29,1002.46,failed
PAY03981,534,2022-09-29,1183.74,failed
PAY03982,811,2023-01-19,853.22,completed
PAY03983,703,2025-02-05,806.72,completed
PAY03984,701,2023-10-04,472.48,pending
PAY03985,830,2023-11-28,1681.29,failed
PAY03986,519,2023-09-12,950.18,completed
PAY03987,342,2020-08-30,1301.44,failed
PAY03988,789,2022-09-24,565.99,pending
PAY03989,354,2024-11-07,1196.6,failed
PAY03990,222,2023-07-22,843.89,failed
PAY03991,357,2021-08-10,1935.24,pending
PAY03992,461,2025-01-31,598.98,failed
PAY03993,580,2021-08-09,1103.81,failed
PAY03994,994,2022-07-10,625.48,pending
PAY03995,531,2021-08-26,484.36,completed
PAY03996,187,2023-03-14,400.95,completed
PAY03997,250,2025-03-08,1961.84,completed
PAY03998,485,2022-06-17,1106.46,completed
PAY03999,710,2022-02-17,379.84,failed
PAY04000,444,2021-01-05,574.43,completed
PAY04001,392,2020-12-11,1121.45,pending
PAY04002,248,2021-06-17,1133.12,pending
PAY04003,829,2020-10-30,1257.36,failed
PAY04004,252,2024-05-22,275.41,completed
PAY04005,629,2022-09-01,195.94,completed
PAY04006,549,2024-05-20,1650.15,pending
PAY04007,919,2024-12-23,1305.46,completed
PAY04008,320,2025-01-28,1977.44,completed
PAY04009,791,2022-02-16,1116.14,failed
PAY04010,824,2022-01-09,604.86,completed
PAY04011,363,2022-08-15,411.33,pending
PAY04012,760,2024-07-13,1899.02,failed
PAY04013,893,2025-07-27,398.41,completed
PAY04014,301,2021-11-18,1129.63,failed
PAY04015,812,2023-03-23,1393.56,pending
PAY04016,848,2025-06-19,250.59,pending
PAY04017,637,2024-09-27,547.85,pending
PAY04018,691,2022-04-09,605.73,completed
PAY04019,614,2021-06-30,1876.86,pending
PAY04020,608,2021-06-06,94.73,pending
PAY04021,198,2021-06-06,209.5,completed
PAY04022,221,2022-03-28,930.35,failed
PAY04023,777,2023-01-27,1497.27,completed
PAY04024,894,2025-04-16,471.47,failed
PAY04025,96,2022-12-16,426.48,completed
PAY04026,135,2024-03-16,177.5,failed
PAY04027,698,2024-04-04,591.46,failed
PAY04028,968,2020-10-09,285.45,failed
PAY04029,853,2023-04-06,1676.35,pending
PAY04030,785,2023-08-10,1669.67,failed
PAY04031,913,2025-07-28,868.6,pending
PAY04032,519,2022-10-14,118.9,pending
PAY04033,507,2023-09-26,1777.27,pending
PAY04034,269,2024-06-14,1975.48,failed
PAY04035,739,2025-01-31,225.44,pending
PAY04036,900,2021-08-14,297.29,failed
PAY04037,962,2023-06-29,555.72,pending
PAY04038,571,2025-04-03,487.53,failed
PAY04039,599,2023-05-22,1771.46,completed
PAY04040,954,2024-01-28,764.93,completed
PAY04041,924,2022-10-31,412.47,completed
PAY04042,531,2024-05-15,1749.07,failed
PAY04043,796,2024-11-18,753.76,pending
PAY04044,585,2022-05-31,249.73,failed
PAY04045,447,2021-02-01,843.32,failed
PAY04046,573,2022-06-22,1677.33,pending
PAY04047,954,2022-11-02,846.82,failed
PAY04048,424,2020-09-29,1418.36,completed
PAY04049,240,2024-11-08,888.1,pending
PAY04050,1,2021-04-30,545.58,pending
PAY04051,262,2025-03-12,1576.79,completed
PAY04052,521,2022-06-15,229.56,pending
PAY04053,596,2023-08-05,302.52,completed
PAY04054,347,2023-06-14,1988.96,completed
PAY04055,675,2024-04-23,1089.41,failed
PAY04056,480,2021-07-10,1024.4,pending
PAY04057,738,2024-12-07,320.44,failed
PAY04058,852,2025-05-06,1182.19,pending
PAY04059,865,2022-11-05,1811.59,failed
PAY04060,450,2025-01-02,420.75,pending
PAY04061,211,2021-12-30,934.53,pending
PAY04062,950,2024-06-14,1677.72,failed
PAY04063,145,2020-11-14,366.4,completed
PAY04064,805,2022-06-28,1059.62,completed
PAY04065,607,2025-05-26,1096.64,failed
PAY04066,136,2022-07-02,1830.27,failed
PAY04067,955,2022-09-11,1835.84,pending
PAY04068,922,2023-01-17,957.11,failed
PAY04069,200,2023-09-17,1501.34,pending
PAY04070,260,2020-11-23,1376.42,pending
PAY04071,254,2020-10-23,624.09,completed
PAY04072,987,2022-10-17,1942.43,completed
PAY04073,934,2022-07-11,103.91,pending
PAY04074,684,2024-03-17,1026.94,failed
PAY04075,88,2021-08-26,942.14,failed
PAY04076,289,2021-06-22,342.44,pending
PAY04077,645,2025-03-13,1284.38,failed
PAY04078,621,2023-05-07,95.03,completed
PAY04079,234,2025-01-29,817.71,failed
PAY04080,721,2025-04-16,1174.68,completed
PAY04081,259,2020-08-31,1822.7,failed
PAY04082,826,2021-11-28,1784.74,pending
PAY04083,382,2022-09-09,1960.68,pending
PAY04084,986,2023-06-06,1689.38,completed
PAY04085,784,2023-12-26,1722.23,completed
PAY04086,464,2021-10-04,1025.56,failed
PAY04087,937,2024-08-09,1314.53,completed
PAY04088,908,2023-10-27,246.86,completed
PAY04089,133,2022-06-10,473.31,failed
PAY04090,176,2025-07-28,1672.69,completed
PAY04091,179,2023-01-07,1212.61,completed
PAY04092,674,2024-06-23,1611.59,failed
PAY04093,398,2024-07-27,1825.68,pending
PAY04094,469,2024-03-04,1173.91,pending
PAY04095,321,2025-05-06,1926.54,pending
PAY04096,127,2023-03-01,1235.89,completed
PAY04097,389,2024-05-16,1444.22,failed
PAY04098,316,2025-04-21,1035.45,failed
PAY04099,429,2024-08-13,1045.1,failed
PAY04100,578,2023-09-23,91.27,pending
PAY04101,621,2022-07-16,751.28,failed
PAY04102,6,2023-08-20,878.24,completed
PAY04103,680,2021-05-18,563.05,pending
PAY04104,731,2021-06-23,376.41,pending
PAY04105,118,2024-08-28,138.16,failed
PAY04106,142,2022-10-09,109.65,failed
PAY04107,798,2024-05-17,771.91,pending
PAY04108,247,2025-02-27,594.96,failed
PAY04109,914,2024-11-24,125.4,failed
PAY04110,483,2024-12-26,1091.4,completed
PAY04111,215,2025-05-05,721.84,completed
PAY04112,854,2023-07-21,177.26,completed
PAY04113,543,2024-07-13,493.88,pending
PAY04114,564,2020-09-01,733.32,completed
PAY04115,401,2022-04-12,601.96,failed
PAY04116,157,2024-07-31,1450.44,pending
PAY04117,83,2022-07-18,944.04,completed
PAY04118,146,2023-02-02,1885.45,completed
PAY04119,469,2023-09-17,218.27,completed
PAY04120,937,2024-09-28,1993.54,pending
PAY04121,55,2020-10-23,1890.02,pending
PAY04122,591,2024-06-24,1173.81,pending
PAY04123,261,2022-09-14,1663.44,failed
PAY04124,933,2023-10-30,1133.93,completed
PAY04125,907,2022-05-11,445.57,pending
PAY04126,991,2024-11-29,1184.65,completed
PAY04127,722,2022-05-10,1006.91,completed
PAY04128,597,2024-02-17,1618.78,completed
PAY04129,976,2021-03-02,491.8,pending
PAY04130,676,2024-11-25,1540.1,failed
PAY04131,137,2023-12-14,1902.17,completed
PAY04132,323,2021-09-11,986.81,completed
PAY04133,806,2023-10-23,502.22,completed
PAY04134,753,2023-08-10,1941.05,failed
PAY04135,536,2022-07-26,1711.26,pending
PAY04136,594,2023-10-17,539.42,completed
PAY04137,677,2022-12-07,1755.58,failed
PAY04138,922,2022-12-06,1498.49,completed
PAY04139,582,2023-12-05,186.38,failed
PAY04140,69,2023-06-05,488.36,pending
PAY04141,770,2023-07-01,172.18,failed
PAY04142,886,2021-01-23,1374.51,completed
PAY04143,729,2022-01-21,1190.98,failed
PAY04144,79,2020-11-13,1154.76,failed
PAY04145,865,2022-07-06,1910.45,failed
PAY04146,824,2025-03-03,169.41,pending
PAY04147,793,2021-03-02,1157.98,pending
PAY04148,972,2021-11-11,1363.17,pending
PAY04149,302,2023-01-03,798.96,pending
PAY04150,151,2023-04-30,808.71,pending
PAY04151,314,2022-05-23,589.49,completed
PAY04152,77,2020-09-14,1359.77,pending
PAY04153,223,2023-03-12,1216.23,failed
PAY04154,201,2025-03-10,430.38,failed
PAY04155,362,2024-11-27,944.0,failed
PAY04156,115,2025-07-05,777.25,failed
PAY04157,535,2021-04-05,1175.95,failed
PAY04158,998,2022-09-01,1197.08,completed
PAY04159,480,2024-07-04,1497.43,failed
PAY04160,191,2024-12-11,1274.03,pending
PAY04161,151,2024-03-20,1103.62,completed
PAY04162,105,2024-07-28,964.13,pending
PAY04163,963,2021-11-17,1990.36,completed
PAY04164,761,2023-04-11,1331.2,failed
PAY04165,422,2021-02-12,599.91,pending
PAY04166,207,2025-04-02,1806.64,pending
PAY04167,11,2021-10-28,1940.8,failed
PAY04168,125,2021-11-24,214.81,completed
PAY04169,362,2025-05-05,586.11,pending
PAY04170,456,2021-02-18,74.32,failed
PAY04171,471,2021-11-25,1277.27,failed
PAY04172,132,2025-04-04,1427.77,failed
PAY04173,755,2024-05-07,457.87,failed
PAY04174,854,2025-01-11,1706.27,failed
PAY04175,821,2022-05-21,1695.82,completed
PAY04176,187,2024-08-14,1565.2,completed
PAY04177,830,2024-12-14,1899.02,failed
PAY04178,25,2023-09-27,403.98,pending
PAY04179,581,2020-10-29,859.45,failed
PAY04180,88,2023-03-01,1123.76,failed
PAY04181,566,2020-09-23,1629.29,completed
PAY04182,711,2023-12-05,1247.54,pending
PAY04183,716,2021-05-08,1050.86,completed
PAY04184,623,2023-12-27,1506.45,failed
PAY04185,26,2024-12-07,869.85,completed
PAY04186,336,2023-11-12,1834.41,completed
PAY04187,837,2022-06-22,1449.4,failed
PAY04188,595,2021-07-08,448.2,pending
PAY04189,29,2023-04-04,610.68,pending
PAY04190,248,2020-09-30,856.06,pending
PAY04191,669,2024-01-28,152.77,failed
PAY04192,620,2021-02-01,1073.1,failed
PAY04193,249,2025-04-12,1904.39,pending
PAY04194,133,2025-04-23,531.95,failed
PAY04195,932,2024-01-21,1754.25,failed
PAY04196,949,2020-10-10,1724.13,failed
PAY04197,183,2022-03-24,761.28,failed
PAY04198,740,2024-12-25,630.62,completed
PAY04199,901,2024-12-26,652.53,pending
PAY04200,92,2022-03-21,207.68,pending
PAY04201,762,2024-02-15,963.12,completed
PAY04202,929,2023-04-28,1199.18,pending
PAY04203,676,2024-09-05,915.64,pending
PAY04204,576,2021-09-29,268.01,failed
PAY04205,293,2021-05-20,1888.3,failed
PAY04206,566,2023-11-17,139.58,completed
PAY04207,423,2022-02-27,379.03,failed
PAY04208,500,2025-07-29,495.22,completed
PAY04209,30,2020-09-11,1152.85,failed
PAY04210,743,2020-12-02,586.29,pending
PAY04211,662,2022-08-12,298.28,pending
PAY04212,611,2025-07-11,620.08,failed
PAY04213,663,2021-04-18,1165.3,completed
PAY04214,223,2022-08-17,1678.48,pending
PAY04215,833,2021-11-05,1618.25,failed
PAY04216,129,2022-07-01,205.93,failed
PAY04217,765,2024-01-26,669.95,pending
PAY04218,992,2022-09-15,1833.71,pending
PAY04219,605,2024-11-15,1444.09,completed
PAY04220,174,2025-07-14,1115.02,completed
PAY04221,251,2023-09-27,1185.92,pending
PAY04222,880,2023-09-15,144.9,failed
PAY04223,218,2023-11-09,935.55,completed
PAY04224,355,2023-09-16,615.58,completed
PAY04225,375,2024-09-17,1108.82,pending
PAY04226,886,2021-07-06,373.02,completed
PAY04227,176,2024-11-12,154.81,completed
PAY04228,994,2022-06-08,179.87,pending
PAY04229,307,2021-08-02,642.72,failed
PAY04230,467,2022-02-14,841.31,failed
PAY04231,316,2021-02-08,936.57,pending
PAY04232,790,2022-04-11,1999.51,completed
PAY04233,542,2022-09-09,137.48,pending
PAY04234,955,2023-12-06,1799.77,completed
PAY04235,341,2021-11-27,449.47,pending
PAY04236,836,2024-09-14,108.65,completed
PAY04237,938,2020-09-15,204.0,completed
PAY04238,261,2022-05-03,788.14,failed
PAY04239,734,2021-04-18,1963.47,pending
PAY04240,798,2025-04-09,281.42,failed
PAY04241,999,2023-02-02,1815.03,completed
PAY04242,150,2022-12-01,767.86,completed
PAY04243,709,2022-05-30,1979.28,failed
PAY04244,641,2021-09-11,1990.27,failed
PAY04245,766,2025-07-22,1070.9,pending
PAY04246,340,2024-09-20,251.2,completed
PAY04247,66,2021-12-18,1828.46,failed
PAY04248,931,2025-05-01,172.33,failed
PAY04249,925,2024-06-10,201.27,failed
PAY04250,715,2020-10-19,779.0,failed
PAY04251,988,2021-07-07,1058.55,pending
PAY04252,818,2023-10-07,1722.22,failed
PAY04253,889,2021-07-30,346.72,completed
PAY04254,137,2023-09-12,1186.61,failed
PAY04255,814,2023-09-24,889.94,completed
PAY04256,289,2020-08-21,928.39,completed
PAY04257,564,2022-09-05,1626.26,pending
PAY04258,440,2024-04-06,255.92,failed
PAY04259,211,2023-06-29,293.52,pending
PAY04260,243,2023-04-10,397.02,failed
PAY04261,737,2024-09-21,1866.25,pending
PAY04262,842,2022-10-29,808.6,pending
PAY04263,84,2021-02-16,1541.62,pending
PAY04264,518,2022-11-20,1300.9,failed
PAY04265,708,2025-02-22,367.32,failed
PAY04266,579,2025-02-08,936.56,pending
PAY04267,918,2021-07-31,1193.09,pending
PAY04268,330,2023-09-29,763.44,failed
PAY04269,809,2023-01-28,1153.91,failed
PAY04270,13,2020-12-31,1608.42,completed
PAY04271,852,2025-07-12,131.1,failed
PAY04272,573,2024-09-16,1391.51,failed
PAY04273,918,2024-05-02,1523.02,pending
PAY04274,378,2021-12-28,1672.36,failed
PAY04275,698,2024-05-15,280.18,pending
PAY04276,954,2021-09-27,1076.26,failed
PAY04277,826,2020-09-05,971.07,failed
PAY04278,126,2023-11-26,1213.09,failed
PAY04279,490,2024-05-03,818.89,failed
PAY04280,996,2025-03-22,837.74,pending
PAY04281,717,2021-10-07,1148.41,pending
PAY04282,502,2020-08-19,301.26,completed
PAY04283,674,2021-05-28,540.52,failed
PAY04284,124,2025-06-10,425.43,pending
PAY04285,970,2020-12-29,1069.6,failed
PAY04286,791,2023-03-25,1451.05,failed
PAY04287,572,2024-10-10,258.08,pending
PAY04288,244,2020-11-23,305.39,pending
PAY04289,919,2023-10-16,1940.39,completed
PAY04290,672,2024-04-12,365.11,pending
PAY04291,742,2025-01-24,481.73,pending
PAY04292,92,2024-05-26,1636.84,pending
PAY04293,990,2025-02-04,1226.78,pending
PAY04294,849,2021-09-07,425.2,completed
PAY04295,284,2020-12-23,1123.97,pending
PAY04296,48,2025-07-06,1438.73,completed
PAY04297,316,2023-02-13,939.23,pending
PAY04298,377,2021-10-25,608.71,pending
PAY04299,731,2023-08-28,243.5,pending
PAY04300,332,2023-07-11,1993.94,completed
PAY04301,191,2021-08-05,1124.85,completed
PAY04302,652,2022-06-22,891.23,failed
PAY04303,445,2024-01-11,1885.69,completed
PAY04304,764,2021-03-06,994.11,pending
PAY04305,147,2022-05-28,1382.85,pending
PAY04306,207,2022-03-23,479.87,pending
PAY04307,643,2025-03-14,397.59,pending
PAY04308,131,2024-11-16,1273.42,completed
PAY04309,165,2022-11-24,902.99,completed
PAY04310,452,2023-03-13,1232.84,failed
PAY04311,718,2024-12-26,190.02,pending
PAY04312,225,2023-07-30,665.61,failed
PAY04313,405,2021-07-14,831.43,failed
PAY04314,680,2021-12-24,1594.41,pending
PAY04315,663,2025-03-03,212.63,pending
PAY04316,156,2025-02-18,1810.33,completed
PAY04317,648,2023-09-22,606.01,completed
PAY04318,286,2020-12-22,960.56,pending
PAY04319,487,2024-09-14,464.62,completed
PAY04320,130,2025-04-02,888.09,completed
PAY04321,836,2025-06-02,721.75,completed
PAY04322,842,2025-01-31,1291.87,pending
PAY04323,639,2025-07-26,1095.87,pending
PAY04324,778,2021-12-08,1544.86,failed
PAY04325,262,2023-08-19,1955.14,pending
PAY04326,314,2020-10-22,1791.75,failed
PAY04327,563,2022-01-03,314.06,completed
PAY04328,393,2023-10-20,595.13,completed
PAY04329,960,2023-11-07,845.1,failed
PAY04330,501,2020-09-06,584.37,pending
PAY04331,433,2024-03-12,416.01,completed
PAY04332,423,2023-09-26,1769.42,pending
PAY04333,767,2025-03-04,1540.0,completed
PAY04334,40,2022-09-23,1124.95,pending
PAY04335,176,2021-12-31,1772.05,pending
PAY04336,298,2021-08-03,1200.1,completed
PAY04337,481,2024-10-14,1843.43,completed
PAY04338,639,2022-06-04,1776.94,failed
PAY04339,171,2024-12-16,1757.31,failed
PAY04340,655,2021-06-24,639.79,completed
PAY04341,459,2022-12-15,806.88,pending
PAY04342,789,2021-01-15,1113.06,completed
PAY04343,595,2021-07-25,1641.66,completed
PAY04344,247,2023-10-26,507.64,completed
PAY04345,792,2022-01-15,238.45,completed
PAY04346,944,2021-06-29,914.03,failed
PAY04347,17,2023-01-12,1827.06,completed
PAY04348,286,2023-09-25,1209.85,failed
PAY04349,981,2021-09-04,394.19,failed
PAY04350,632,2021-03-31,817.1,failed
PAY04351,952,2022-10-05,134.22,failed
PAY04352,165,2023-06-12,582.29,completed
PAY04353,227,2020-12-20,475.08,completed
PAY04354,224,2025-07-06,1882.04,pending
PAY04355,249,2023-12-12,1282.42,completed
PAY04356,873,2024-05-29,704.18,pending
PAY04357,497,2024-12-25,634.65,failed
PAY04358,741,2022-07-22,1424.89,pending
PAY04359,819,2023-06-26,1871.52,pending
PAY04360,188,2023-01-12,119.36,failed
PAY04361,154,2023-04-04,794.04,pending
PAY04362,437,2021-01-24,838.71,failed
PAY04363,953,2022-11-29,252.59,pending
PAY04364,937,2021-03-26,467.85,pending
PAY04365,26,2023-11-26,1590.15,completed
PAY04366,369,2023-06-22,68.07,completed
PAY04367,368,2024-04-25,930.58,pending
PAY04368,777,2025-06-10,443.22,completed
PAY04369,535,2025-02-01,345.28,failed
PAY04370,302,2025-07-21,1821.77,completed
PAY04371,605,2023-05-15,428.17,pending
PAY04372,573,2025-08-05,110.98,failed
PAY04373,398,2021-08-18,1221.69,pending
PAY04374,639,2022-05-23,1043.52,completed
PAY04375,662,2024-10-09,178.54,failed
PAY04376,604,2023-01-07,1397.36,failed
PAY04377,837,2021-09-19,653.55,failed
PAY04378,56,2020-08-26,1485.49,pending
PAY04379,378,2024-02-28,1439.62,pending
PAY04380,28,2022-08-03,1672.4,failed
PAY04381,144,2022-04-01,1121.61,failed
PAY04382,816,2022-05-18,938.34,pending
PAY04383,842,2024-08-31,147.78,pending
PAY04384,667,2022-09-18,1001.46,pending
PAY04385,804,2023-10-26,670.3,completed
PAY04386,724,2021-12-31,1619.65,failed
PAY04387,690,2022-03-30,1793.67,failed
PAY04388,896,2021-11-28,1210.53,failed
PAY04389,339,2021-02-02,1378.15,failed
PAY04390,419,2024-09-20,1586.67,completed
PAY04391,315,2021-05-12,353.09,completed
PAY04392,72,2021-10-09,1817.82,pending
PAY04393,594,2022-05-19,1136.84,failed
PAY04394,690,2022-06-10,1035.32,pending
PAY04395,518,2024-07-12,1381.76,pending
PAY04396,584,2022-06-25,241.6,failed
PAY04397,22,2022-05-24,469.04,failed
PAY04398,105,2023-10-24,328.79,pending
PAY04399,76,2024-08-15,220.03,pending
PAY04400,55,2025-03-19,702.61,failed
PAY04401,44,2023-12-07,54.02,pending
PAY04402,938,2024-12-07,1250.97,completed
PAY04403,992,2021-05-09,893.28,failed
PAY04404,241,2024-07-23,1322.86,pending
PAY04405,210,2025-05-09,60.27,completed
PAY04406,431,2024-07-16,1654.47,completed
PAY04407,302,2021-04-16,836.8,completed
PAY04408,889,2024-01-01,1024.53,pending
PAY04409,618,2024-12-24,100.09,failed
PAY04410,304,2025-02-25,985.33,completed
PAY04411,517,2025-02-01,1860.04,pending
PAY04412,473,2023-05-27,1882.0,completed
PAY04413,831,2021-12-29,1386.21,pending
PAY04414,423,2024-05-06,198.62,failed
PAY04415,865,2023-08-07,1415.06,failed
PAY04416,909,2022-11-21,73.91,completed
PAY04417,474,2022-12-05,644.76,pending
PAY04418,209,2021-10-05,1099.25,completed
PAY04419,25,2024-09-26,615.67,completed
PAY04420,994,2025-03-30,1138.28,completed
PAY04421,151,2025-05-29,980.11,completed
PAY04422,414,2020-12-06,484.27,completed
PAY04423,714,2021-06-17,526.24,failed
PAY04424,129,2021-12-29,1953.68,completed
PAY04425,505,2025-02-02,601.54,failed
PAY04426,397,2022-12-06,83.13,failed
PAY04427,615,2023-07-07,558.0,pending
PAY04428,458,2021-07-05,1520.09,failed
PAY04429,435,2021-06-02,1071.1,failed
PAY04430,174,2022-08-12,1944.93,pending
PAY04431,558,2023-08-29,376.39,pending
PAY04432,669,2022-08-31,1715.53,completed
PAY04433,95,2023-01-03,1295.84,failed
PAY04434,520,2025-05-05,1988.8,completed
PAY04435,385,2021-06-03,270.06,failed
PAY04436,391,2021-03-16,1337.35,completed
PAY04437,832,2025-02-13,517.06,completed
PAY04438,357,2025-04-11,668.36,pending
PAY04439,727,2022-01-26,1470.06,completed
PAY04440,68,2021-04-29,1361.44,failed
PAY04441,696,2022-11-13,787.0,pending
PAY04442,256,2025-01-25,908.36,pending
PAY04443,926,2023-06-27,73.82,completed
PAY04444,871,2024-03-19,903.82,pending
PAY04445,300,2022-04-26,266.4,pending
PAY04446,851,2022-11-22,1617.42,failed
PAY04447,683,2022-04-05,1820.25,completed
PAY04448,359,2021-04-19,737.61,completed
PAY04449,738,2021-10-22,787.68,pending
PAY04450,74,2022-08-12,1851.2,pending
PAY04451,955,2021-09-18,236.64,failed
PAY04452,231,2023-10-22,1415.73,completed
PAY04453,209,2022-10-07,1856.59,pending
PAY04454,888,2020-12-15,1422.96,completed
PAY04455,894,2022-07-16,1818.05,completed
PAY04456,76,2023-12-22,1241.62,pending
PAY04457,165,2024-06-23,959.39,completed
PAY04458,265,2025-04-02,1360.57,pending
PAY04459,672,2024-05-31,1180.5,pending
PAY04460,471,2021-04-10,542.23,completed
PAY04461,589,2023-10-16,1576.41,failed
PAY04462,487,2023-07-13,687.23,completed
PAY04463,440,2023-05-01,1340.07,completed
PAY04464,482,2024-02-03,505.92,pending
PAY04465,921,2020-09-22,943.18,failed
PAY04466,409,2024-04-04,1117.98,completed
PAY04467,805,2021-02-09,563.97,completed
PAY04468,240,2025-01-11,553.51,pending
PAY04469,580,2024-09-30,974.08,failed
PAY04470,721,2021-04-06,520.12,failed
PAY04471,164,2022-04-11,228.93,pending
PAY04472,730,2023-06-18,513.43,completed
PAY04473,623,2025-05-25,957.79,failed
PAY04474,921,2021-09-04,1636.89,completed
PAY04475,251,2021-03-11,1259.78,completed
PAY04476,860,2022-03-22,838.32,failed
PAY04477,792,2024-02-01,380.25,completed
PAY04478,388,2025-04-02,1183.05,completed
PAY04479,301,2021-11-29,1152.95,failed
PAY04480,310,2023-12-09,517.51,pending
PAY04481,305,2023-08-06,271.83,completed
PAY04482,607,2023-05-21,913.66,pending
PAY04483,339,2024-12-25,507.27,pending
PAY04484,782,2025-01-20,1669.18,failed
PAY04485,891,2024-03-11,583.44,completed
PAY04486,986,2022-09-27,1727.86,pending
PAY04487,837,2023-12-25,259.85,pending
PAY04488,8,2023-09-29,405.98,pending
PAY04489,455,2022-06-01,1061.62,completed
PAY04490,638,2024-11-11,1675.97,completed
PAY04491,271,2024-12-01,859.04,pending
PAY04492,594,2022-04-01,854.74,pending
PAY04493,48,2024-01-23,1470.88,completed
PAY04494,536,2024-08-28,323.71,pending
PAY04495,801,2021-01-16,1726.8,completed
PAY04496,107,2020-10-30,1709.7,pending
PAY04497,385,2024-03-07,464.18,pending
PAY04498,641,2021-12-11,291.87,completed
PAY04499,707,2023-03-23,750.55,completed
PAY04500,611,2021-06-15,1223.9,completed
PAY04501,549,2023-09-16,1532.49,failed
PAY04502,821,2023-05-24,993.83,completed
PAY04503,84,2024-09-04,1894.93,completed
PAY04504,347,2021-05-26,1851.09,failed
PAY04505,16,2023-07-25,286.25,completed
PAY04506,675,2024-09-11,984.56,completed
PAY04507,499,2024-03-09,1949.79,failed
PAY04508,696,2025-06-19,1913.97,pending
PAY04509,891,2020-09-16,1394.82,completed
PAY04510,988,2021-08-17,167.94,completed
PAY04511,510,2020-09-15,419.09,pending
PAY04512,417,2020-08-20,1289.84,completed
PAY04513,621,2024-08-03,844.44,failed
PAY04514,812,2023-01-26,1125.33,completed
PAY04515,699,2023-11-06,903.69,pending
PAY04516,589,2024-08-19,1097.77,pending
PAY04517,156,2024-02-16,1426.03,completed
PAY04518,768,2021-07-27,1163.88,failed
PAY04519,990,2023-04-16,1358.85,failed
PAY04520,880,2025-08-03,1253.78,failed
PAY04521,358,2021-04-08,1545.01,failed
PAY04522,94,2023-03-15,1737.31,pending
PAY04523,151,2022-02-02,712.42,failed
PAY04524,192,2022-04-08,380.04,completed
PAY04525,322,2025-02-04,507.78,failed
PAY04526,822,2024-09-25,182.93,pending
PAY04527,999,2024-05-06,461.78,completed
PAY04528,26,2021-05-11,1046.65,pending
PAY04529,947,2022-12-07,1447.57,pending
PAY04530,339,2021-01-03,1820.13,completed
PAY04531,340,2023-04-01,238.91,pending
PAY04532,931,2024-04-22,584.91,failed
PAY04533,529,2021-04-26,255.27,pending
PAY04534,722,2023-05-07,1511.42,pending
PAY04535,214,2022-02-12,1334.32,completed
PAY04536,562,2024-02-22,694.18,completed
PAY04537,308,2022-02-28,867.37,pending
PAY04538,998,2022-08-09,1723.81,completed
PAY04539,102,2023-09-25,205.0,completed
PAY04540,851,2022-01-27,111.56,pending
PAY04541,770,2024-02-11,1226.65,failed
PAY04542,474,2021-05-17,1378.07,failed
PAY04543,481,2023-12-18,1655.67,failed
PAY04544,232,2024-06-16,908.96,failed
PAY04545,105,2021-11-08,577.29,failed
PAY04546,103,2024-11-06,451.34,failed
PAY04547,714,2021-12-07,167.24,completed
PAY04548,770,2025-07-15,395.72,failed
PAY04549,635,2022-12-17,1930.48,completed
PAY04550,470,2023-03-06,332.69,failed
PAY04551,209,2022-06-20,1148.49,completed
PAY04552,302,2024-02-08,1912.28,completed
PAY04553,408,2024-05-18,518.16,pending
PAY04554,599,2023-11-13,140.16,failed
PAY04555,335,2024-12-16,372.77,failed
PAY04556,618,2021-11-19,427.11,completed
PAY04557,614,2022-04-13,1930.21,completed
PAY04558,765,2024-06-11,249.5,completed
PAY04559,566,2024-08-18,1575.95,failed
PAY04560,568,2021-09-17,57.22,failed
PAY04561,57,2021-04-30,1791.25,completed
PAY04562,513,2022-04-17,738.92,completed
PAY04563,499,2023-05-02,225.29,failed
PAY04564,520,2021-02-22,1363.8,completed
PAY04565,919,2023-12-29,1669.08,completed
PAY04566,590,2022-09-26,1435.28,failed
PAY04567,508,2021-10-25,1824.9,pending
PAY04568,829,2022-05-18,1340.66,pending
PAY04569,292,2022-02-17,63.77,pending
PAY04570,418,2024-03-10,918.99,completed
PAY04571,443,2024-08-06,375.62,completed
PAY04572,928,2025-08-15,1752.45,failed
PAY04573,705,2024-09-17,1734.11,failed
PAY04574,917,2023-01-21,1107.68,pending
PAY04575,154,2023-06-30,1754.45,pending
PAY04576,530,2022-09-10,334.93,failed
PAY04577,110,2024-05-14,844.83,completed
PAY04578,436,2023-02-22,1310.92,failed
PAY04579,2,2021-03-30,1824.37,failed
PAY04580,755,2025-08-14,634.18,completed
PAY04581,744,2023-11-01,468.94,pending
PAY04582,439,2021-12-09,278.7,failed
PAY04583,293,2023-08-07,1563.95,completed
PAY04584,203,2022-10-25,1126.79,failed
PAY04585,29,2022-07-13,1310.46,completed
PAY04586,266,2021-07-24,1044.22,pending
PAY04587,576,2022-02-13,1822.65,completed
PAY04588,376,2021-09-16,166.64,completed
PAY04589,529,2023-12-10,1922.62,completed
PAY04590,352,2022-02-23,572.65,failed
PAY04591,328,2024-08-04,265.43,completed
PAY04592,792,2022-12-02,1542.05,completed
PAY04593,993,2024-01-08,123.58,pending
PAY04594,207,2022-04-06,1204.61,completed
PAY04595,613,2022-05-06,1295.1,failed
PAY04596,532,2022-10-22,1830.82,failed
PAY04597,304,2020-09-11,1980.47,completed
PAY04598,866,2023-01-16,1456.47,pending
PAY04599,677,2023-10-23,1134.87,completed
PAY04600,11,2022-06-10,1829.81,completed
PAY04601,752,2020-09-23,288.25,failed
PAY04602,21,2025-03-17,1180.46,completed
PAY04603,188,2022-05-18,1119.59,completed
PAY04604,522,2023-11-28,345.29,pending
PAY04605,52,2023-08-12,287.91,failed
PAY04606,870,2024-11-26,150.24,pending
PAY04607,275,2023-07-10,780.59,failed
PAY04608,929,2021-02-15,1787.98,failed
PAY04609,432,2024-06-25,779.07,completed
PAY04610,121,2021-03-31,1027.12,completed
PAY04611,945,2024-10-30,1216.87,pending
PAY04612,903,2021-05-29,1754.33,completed
PAY04613,6,2025-05-27,1651.44,completed
PAY04614,763,2021-11-19,1240.9,completed
PAY04615,319,2021-08-15,1768.23,pending
PAY04616,971,2025-06-22,1222.17,pending
PAY04617,778,2023-09-11,1374.05,completed
PAY04618,286,2025-01-03,1762.7,completed
PAY04619,301,2020-10-10,1061.8,completed
PAY04620,573,2021-07-20,774.48,completed
PAY04621,403,2023-02-24,1083.33,completed
PAY04622,597,2024-12-02,1844.06,completed
PAY04623,335,2025-06-11,807.18,pending
PAY04624,706,2023-08-25,1379.22,completed
PAY04625,612,2023-12-02,753.91,completed
PAY04626,548,2024-03-16,1242.56,pending
PAY04627,964,2021-08-30,1066.72,completed
PAY04628,347,2021-11-11,677.03,pending
PAY04629,38,2022-11-13,1888.22,pending
PAY04630,545,2024-11-29,1919.93,completed
PAY04631,532,2021-08-21,1940.4,pending
PAY04632,717,2024-12-18,605.68,pending
PAY04633,701,2023-04-22,722.2,pending
PAY04634,272,2020-11-25,700.36,failed
PAY04635,177,2022-11-26,956.36,pending
PAY04636,356,2025-07-05,980.66,completed
PAY04637,933,2024-09-30,366.72,completed
PAY04638,139,2024-02-19,1105.29,completed
PAY04639,821,2021-01-04,246.6,completed
PAY04640,62,2023-05-06,1891.14,pending
PAY04641,481,2025-06-09,1039.64,failed
PAY04642,140,2024-07-15,341.42,pending
PAY04643,754,2023-02-27,669.03,completed
PAY04644,467,2021-06-10,301.85,completed
PAY04645,665,2024-11-23,1570.96,failed
PAY04646,436,2020-10-02,534.79,failed
PAY04647,528,2022-12-07,1653.23,pending
PAY04648,356,2023-07-10,1454.7,pending
PAY04649,398,2022-12-10,1941.96,failed
PAY04650,897,2025-04-12,1153.1,completed
PAY04651,342,2023-07-22,1950.51,pending
PAY04652,615,2021-10-08,541.7,completed
PAY04653,790,2024-02-25,1328.86,completed
PAY04654,376,2023-01-21,648.2,completed
PAY04655,530,2024-05-16,1248.21,failed
PAY04656,104,2023-02-02,1384.47,failed
PAY04657,529,2024-10-26,330.69,failed
PAY04658,854,2021-07-07,1148.53,pending
PAY04659,562,2025-02-20,498.77,completed
PAY04660,333,2023-01-22,1564.61,completed
PAY04661,584,2025-03-29,731.9,completed
PAY04662,923,2023-06-27,117.35,failed
PAY04663,621,2022-03-15,1963.36,completed
PAY04664,152,2021-01-15,1443.47,completed
PAY04665,140,2020-12-31,1556.88,completed
PAY04666,277,2021-01-06,1387.59,failed
PAY04667,359,2024-02-09,590.06,failed
PAY04668,313,2021-09-23,1420.42,failed
PAY04669,386,2021-11-28,817.4,pending
PAY04670,465,2022-01-31,1463.75,completed
PAY04671,225,2021-05-27,718.5,failed
PAY04672,152,2024-03-05,521.8,failed
PAY04673,391,2025-06-24,1978.4,failed
PAY04674,811,2025-04-22,346.61,completed
PAY04675,36,2021-03-19,1257.38,completed
PAY04676,631,2024-09-25,144.21,failed
PAY04677,872,2024-09-19,1866.94,pending
PAY04678,507,2020-10-09,867.69,pending
PAY04679,33,2025-02-11,1699.08,failed
PAY04680,468,2022-11-20,1518.08,pending
PAY04681,782,2022-12-14,749.2,failed
PAY04682,438,2021-06-19,1545.46,pending
PAY04683,717,2022-06-26,534.5,pending
PAY04684,113,2022-01-20,1057.8,pending
PAY04685,469,2024-11-10,1773.18,completed
PAY04686,148,2022-04-19,951.11,pending
PAY04687,624,2025-04-16,1257.96,failed
PAY04688,659,2021-09-27,510.94,completed
PAY04689,357,2021-03-15,768.88,failed
PAY04690,111,2023-04-02,1202.56,pending
PAY04691,821,2022-06-18,309.27,pending
PAY04692,641,2024-11-28,1864.65,pending
PAY04693,431,2021-05-28,1089.99,failed
PAY04694,242,2022-10-10,420.45,failed
PAY04695,833,2022-08-09,1050.57,pending
PAY04696,546,2025-07-30,1494.97,completed
PAY04697,796,2024-12-07,1765.08,completed
PAY04698,285,2021-08-08,1626.17,pending
PAY04699,743,2021-11-29,1128.41,pending
PAY04700,708,2024-08-22,992.82,failed
PAY04701,622,2021-06-09,339.38,pending
PAY04702,230,2023-04-19,744.24,pending
PAY04703,51,2025-06-12,1733.77,completed
PAY04704,189,2022-11-22,1792.11,completed
PAY04705,459,2023-05-16,1503.9,pending
PAY04706,273,2023-03-17,1198.27,pending
PAY04707,318,2024-06-25,52.94,pending
PAY04708,641,2021-12-27,1461.19,completed
PAY04709,468,2021-05-22,1916.3,failed
PAY04710,418,2020-09-22,63.95,failed
PAY04711,980,2021-11-10,1627.52,failed
PAY04712,460,2023-10-13,488.32,completed
PAY04713,109,2025-07-27,1376.78,pending
PAY04714,897,2024-12-13,910.06,completed
PAY04715,558,2022-01-06,67.53,completed
PAY04716,850,2021-04-09,575.64,failed
PAY04717,723,2024-08-31,292.54,completed
PAY04718,271,2021-03-26,881.26,completed
PAY04719,155,2025-02-25,1497.87,failed
PAY04720,556,2021-11-25,646.78,completed
PAY04721,941,2023-04-11,1477.47,completed
PAY04722,236,2025-02-27,895.03,pending
PAY04723,111,2024-05-13,993.22,completed
PAY04724,859,2021-02-05,739.79,pending
PAY04725,419,2025-02-24,1036.61,completed
PAY04726,570,2024-05-28,1254.87,completed
PAY04727,466,2025-03-06,813.92,completed
PAY04728,879,2022-08-17,1984.43,completed
PAY04729,153,2021-01-25,1806.24,completed
PAY04730,608,2021-12-20,1277.79,completed
PAY04731,461,2020-10-01,54.54,completed
PAY04732,285,2024-02-25,769.77,pending
PAY04733,432,2023-03-11,298.5,pending
PAY04734,241,2024-04-22,803.95,failed
PAY04735,38,2022-06-05,866.7,failed
PAY04736,581,2022-05-15,886.37,pending
PAY04737,974,2022-05-15,1096.3,pending
PAY04738,832,2020-08-15,1113.81,pending
PAY04739,121,2020-10-13,1740.12,pending
PAY04740,790,2022-02-24,1195.87,pending
PAY04741,585,2022-12-02,424.09,completed
PAY04742,232,2021-09-29,867.98,failed
PAY04743,63,2024-01-27,670.98,pending
PAY04744,201,2024-10-22,504.39,pending
PAY04745,95,2024-06-17,487.21,failed
PAY04746,277,2024-01-18,1479.52,failed
PAY04747,329,2024-07-01,1963.82,pending
PAY04748,729,2024-07-11,467.31,completed
PAY04749,940,2024-10-01,1801.74,pending
PAY04750,486,2024-09-01,1524.86,failed
PAY04751,631,2020-09-08,102.3,completed
PAY04752,335,2025-01-01,1140.8,pending
PAY04753,169,2021-03-30,1826.23,failed
PAY04754,199,2022-01-23,553.26,failed
PAY04755,927,2022-04-29,1177.87,completed
PAY04756,907,2022-04-19,517.28,completed
PAY04757,837,2021-05-12,466.96,pending
PAY04758,747,2025-04-10,230.72,failed
PAY04759,439,2021-07-20,339.69,completed
PAY04760,698,2022-09-24,312.63,completed
PAY04761,11,2024-03-24,787.99,completed
PAY04762,987,2025-07-22,339.6,pending
PAY04763,834,2021-09-03,1112.65,completed
PAY04764,890,2023-10-01,1297.82,completed
PAY04765,714,2021-10-18,1050.85,pending
PAY04766,936,2023-09-04,1244.79,completed
PAY04767,12,2025-03-24,825.96,completed
PAY04768,998,2021-05-02,807.62,completed
PAY04769,187,2024-07-20,1277.66,completed
PAY04770,805,2020-09-24,838.37,completed
PAY04771,22,2023-02-24,834.68,pending
PAY04772,170,2025-07-17,359.79,failed
PAY04773,198,2025-01-19,749.7,failed
PAY04774,164,2023-07-04,339.67,failed
PAY04775,882,2021-08-11,1502.38,pending
PAY04776,946,2020-10-19,1619.06,completed
PAY04777,338,2021-01-01,1460.05,failed
PAY04778,914,2022-05-06,1937.84,pending
PAY04779,532,2022-01-11,957.06,pending
PAY04780,149,2024-01-05,1735.85,completed
PAY04781,767,2024-11-07,1975.12,failed
PAY04782,590,2025-03-13,657.98,completed
PAY04783,924,2025-07-23,1281.66,completed
PAY04784,216,2023-01-23,1636.91,failed
PAY04785,339,2021-01-03,599.58,pending
PAY04786,360,2020-09-21,1248.95,pending
PAY04787,476,2022-02-19,1516.11,completed
PAY04788,477,2020-08-18,1456.43,failed
PAY04789,998,2022-04-03,947.75,failed
PAY04790,685,2022-08-16,830.21,completed
PAY04791,819,2021-03-20,854.91,failed
PAY04792,848,2024-07-16,1138.6,failed
PAY04793,828,2024-06-30,929.09,failed
PAY04794,832,2025-01-17,271.55,completed
PAY04795,128,2023-04-09,697.88,completed
PAY04796,501,2022-06-28,1291.28,pending
PAY04797,33,2022-12-08,831.39,completed
PAY04798,727,2024-04-19,1354.63,completed
PAY04799,908,2021-05-06,809.0,failed
PAY04800,222,2020-10-14,537.35,completed
PAY04801,508,2024-08-30,405.22,failed
PAY04802,747,2024-10-10,781.83,pending
PAY04803,384,2021-09-06,965.18,failed
PAY04804,76,2024-02-08,1113.27,completed
PAY04805,369,2022-01-01,361.7,completed
PAY04806,308,2025-01-26,1090.49,completed
PAY04807,959,2025-06-17,792.73,pending
PAY04808,609,2025-02-13,1224.38,failed
PAY04809,910,2023-01-15,1006.38,pending
PAY04810,174,2023-03-30,1436.29,completed
PAY04811,812,2023-07-26,877.56,pending
PAY04812,416,2022-02-03,531.64,failed
PAY04813,95,2024-10-20,532.53,failed
PAY04814,530,2022-08-30,1344.86,completed
PAY04815,649,2020-09-16,378.73,pending
PAY04816,177,2022-03-01,1146.62,completed
PAY04817,352,2020-10-18,1682.29,completed
PAY04818,955,2024-12-16,931.06,completed
PAY04819,881,2022-10-13,354.04,failed
PAY04820,868,2020-11-14,902.43,completed
PAY04821,269,2021-12-13,575.07,pending
PAY04822,431,2024-12-09,300.39,failed
PAY04823,990,2021-07-08,234.5,failed
PAY04824,472,2023-10-14,1418.62,pending
PAY04825,718,2021-11-27,934.56,completed
PAY04826,930,2024-09-07,554.39,completed
PAY04827,698,2023-03-18,1583.83,pending
PAY04828,686,2021-08-02,457.73,completed
PAY04829,988,2023-05-05,924.15,pending
PAY04830,490,2024-12-27,56.74,completed
PAY04831,11,2025-01-07,536.3,completed
PAY04832,838,2023-09-28,1385.51,pending
PAY04833,648,2021-03-06,1431.51,failed
PAY04834,773,2021-05-06,1914.09,completed
PAY04835,767,2022-07-28,357.73,pending
PAY04836,362,2024-09-20,1758.81,pending
PAY04837,950,2021-12-08,1415.04,failed
PAY04838,783,2021-09-28,1549.07,completed
PAY04839,335,2021-12-28,494.24,failed
PAY04840,760,2022-11-26,1620.65,failed
PAY04841,730,2022-08-09,1241.91,failed
PAY04842,629,2022-04-12,497.17,pending
PAY04843,405,2020-12-01,1834.33,pending
PAY04844,305,2025-04-30,838.29,completed
PAY04845,391,2022-08-26,1917.23,pending
PAY04846,684,2022-04-13,1803.41,failed
PAY04847,884,2024-07-23,1865.36,pending
PAY04848,290,2025-01-17,1571.5,pending
PAY04849,217,2024-11-20,423.89,pending
PAY04850,680,2025-01-05,1047.74,failed
PAY04851,681,2022-10-26,718.82,pending
PAY04852,457,2022-01-01,659.19,completed
PAY04853,432,2021-06-12,1930.5,failed
PAY04854,85,2021-12-30,1023.22,failed
PAY04855,533,2022-08-21,1258.97,completed
PAY04856,960,2023-12-03,552.09,pending
PAY04857,345,2022-05-01,1822.17,completed
PAY04858,144,2022-10-05,1310.16,failed
PAY04859,754,2021-08-28,1384.91,failed
PAY04860,149,2020-12-27,635.4,failed
PAY04861,72,2022-01-17,1765.22,pending
PAY04862,539,2022-05-28,1446.68,pending
PAY04863,574,2022-09-03,409.34,failed
PAY04864,69,2021-03-02,716.28,pending
PAY04865,470,2023-05-07,1569.82,pending
PAY04866,245,2025-08-13,1043.72,completed
PAY04867,524,2025-07-25,1836.91,pending
PAY04868,393,2021-12-31,1925.51,pending
PAY04869,938,2021-01-31,1576.88,failed
PAY04870,569,2025-05-04,910.37,failed
PAY04871,403,2024-11-23,558.16,completed
PAY04872,131,2023-03-04,583.8,failed
PAY04873,190,2025-06-21,364.13,failed
PAY04874,127,2022-08-13,510.31,pending
PAY04875,769,2023-03-07,1979.67,failed
PAY04876,355,2020-11-30,301.85,completed
PAY04877,566,2022-03-10,445.57,failed
PAY04878,656,2023-12-09,1457.85,failed
PAY04879,813,2024-10-02,1337.02,failed
PAY04880,668,2023-12-12,1644.5,failed
PAY04881,90,2024-12-09,1061.12,completed
PAY04882,552,2020-10-19,1001.34,failed
PAY04883,667,2021-01-21,590.42,pending
PAY04884,438,2023-05-02,897.11,pending
PAY04885,211,2022-10-06,728.2,failed
PAY04886,76,2022-02-18,121.3,pending
PAY04887,227,2024-07-06,1722.75,pending
PAY04888,140,2021-02-13,1854.85,pending
PAY04889,248,2022-03-02,1736.13,completed
PAY04890,575,2022-05-13,1839.77,completed
PAY04891,698,2024-02-22,956.77,failed
PAY04892,313,2020-08-25,1616.21,failed
PAY04893,949,2023-10-21,1235.92,pending
PAY04894,321,2024-12-28,709.84,failed
PAY04895,966,2022-09-08,509.57,completed
PAY04896,597,2025-08-01,1657.29,completed
PAY04897,858,2024-11-07,1989.35,pending
PAY04898,157,2020-12-09,1466.28,pending
PAY04899,273,2023-09-01,1328.34,pending
PAY04900,232,2023-03-19,1067.49,completed
PAY04901,208,2024-10-24,1075.21,pending
PAY04902,678,2023-09-30,588.91,pending
PAY04903,148,2023-01-06,1430.9,failed
PAY04904,880,2022-12-09,1106.5,failed
PAY04905,515,2022-08-31,1657.08,completed
PAY04906,199,2021-07-24,1488.3,pending
PAY04907,63,2023-10-18,433.38,completed
PAY04908,587,2023-04-09,64.86,pending
PAY04909,859,2025-04-12,1686.54,completed
PAY04910,19,2022-06-06,1332.66,completed
PAY04911,640,2022-08-19,286.75,completed
PAY04912,797,2020-08-20,939.13,pending
PAY04913,410,2023-08-19,676.05,failed
PAY04914,126,2021-03-31,785.91,pending
PAY04915,540,2020-10-31,1357.97,completed
PAY04916,234,2021-12-08,652.65,failed
PAY04917,46,2024-12-16,1868.91,pending
PAY04918,658,2022-07-07,138.11,failed
PAY04919,578,2024-09-06,1331.53,pending
PAY04920,229,2022-06-10,980.73,failed
PAY04921,189,2022-06-18,1353.37,failed
PAY04922,51,2021-10-24,767.88,pending
PAY04923,681,2024-03-16,876.11,completed
PAY04924,893,2022-12-17,1290.69,completed
PAY04925,906,2023-02-15,1471.01,failed
PAY04926,618,2024-03-19,936.77,pending
PAY04927,220,2023-03-05,1183.15,pending
PAY04928,971,2024-02-04,226.29,completed
PAY04929,559,2023-08-29,1734.07,pending
PAY04930,745,2024-06-19,1811.78,failed
PAY04931,474,2024-09-19,60.32,completed
PAY04932,857,2021-05-05,1043.91,failed
PAY04933,347,2025-01-27,1563.22,completed
PAY04934,883,2023-02-27,1129.01,failed
PAY04935,439,2024-08-19,1808.94,completed
PAY04936,163,2020-09-21,1655.2,failed
PAY04937,199,2023-04-03,723.9,completed
PAY04938,25,2023-05-07,768.32,pending
PAY04939,658,2024-11-19,658.45,failed
PAY04940,761,2024-08-21,1453.06,completed
PAY04941,979,2025-01-02,1651.44,failed
PAY04942,733,2023-04-18,320.08,pending
PAY04943,434,2022-12-29,152.05,failed
PAY04944,545,2024-08-01,1527.64,pending
PAY04945,406,2025-02-09,1513.68,completed
PAY04946,956,2021-03-04,1986.96,completed
PAY04947,502,2023-04-23,482.56,completed
PAY04948,131,2023-03-22,889.43,completed
PAY04949,728,2020-11-06,945.04,completed
PAY04950,425,2023-02-05,519.17,pending
PAY04951,212,2023-12-17,1272.87,completed
PAY04952,906,2022-10-02,1465.13,completed
PAY04953,760,2024-12-04,82.88,failed
PAY04954,850,2021-09-03,1250.97,failed
PAY04955,793,2021-11-27,1974.29,failed
PAY04956,250,2024-04-04,254.49,completed
PAY04957,601,2023-07-17,337.58,pending
PAY04958,515,2024-12-26,1035.06,pending
PAY04959,422,2023-05-13,260.59,failed
PAY04960,711,2023-02-14,829.64,failed
PAY04961,639,2022-02-08,1606.35,completed
PAY04962,414,2024-05-31,1478.19,completed
PAY04963,470,2021-05-19,1293.69,failed
PAY04964,163,2024-05-30,1091.01,completed
PAY04965,817,2024-05-28,1263.37,failed
PAY04966,859,2022-05-15,699.24,completed
PAY04967,298,2022-09-08,772.24,completed
PAY04968,498,2024-08-25,1634.45,failed
PAY04969,942,2021-07-16,537.03,completed
PAY04970,357,2024-08-03,361.29,failed
PAY04971,655,2023-01-15,644.36,failed
PAY04972,97,2024-04-25,412.83,pending
PAY04973,32,2022-03-04,557.56,pending
PAY04974,783,2021-04-24,462.44,completed
PAY04975,398,2021-06-13,1076.76,completed
PAY04976,777,2021-02-15,1928.8,completed
PAY04977,169,2024-05-29,1521.64,pending
PAY04978,780,2023-10-13,342.26,failed
PAY04979,706,2023-09-08,1346.42,failed
PAY04980,674,2020-11-12,1247.4,pending
PAY04981,582,2023-10-27,582.26,failed
PAY04982,559,2021-08-06,879.9,pending
PAY04983,129,2021-11-05,1148.63,pending
PAY04984,515,2021-05-10,1927.02,pending
PAY04985,11,2023-04-30,1969.29,pending
PAY04986,547,2024-11-22,1735.4,failed
PAY04987,351,2024-08-20,889.85,pending
PAY04988,510,2024-07-06,163.91,pending
PAY04989,628,2025-03-21,1508.64,completed
PAY04990,657,2025-06-27,655.98,failed
PAY04991,820,2024-03-31,1117.81,pending
PAY04992,969,2022-01-08,1867.69,failed
PAY04993,330,2021-06-18,1108.72,pending
PAY04994,638,2020-10-25,1525.66,failed
PAY04995,918,2024-11-29,893.8,completed
PAY04996,565,2022-02-07,519.07,pending
PAY04997,685,2024-09-23,609.24,failed
PAY04998,960,2022-07-23,1546.22,failed
PAY04999,808,2022-01-08,864.75,completed
PAY05000,816,2025-04-19,1229.76,completed
